"Id","Origin","Reader","Sex","CaptureYear","Age","Length","StockingYear"
"AH566","Natural","Raphael",NA,"ThirdYear",1,535.730555559998,2022
"AH566","Natural","Raphael",NA,"ThirdYear",2,866.451844442222,2021
"AH566","Natural","Raphael",NA,"ThirdYear",3,1131.57175588,2020
"AH566","Natural","Raphael",NA,"ThirdYear",4,1395.01671109111,2019
"AH566","Natural","Raphael",NA,"ThirdYear",5,1572.16881790909,2018
"AH568","Natural","Raphael",NA,"ThirdYear",1,459.275555559998,2022
"AH568","Natural","Raphael",NA,"ThirdYear",2,759.526844442222,2021
"AH568","Natural","Raphael",NA,"ThirdYear",3,1049.47708888,2020
"AH568","Natural","Raphael",NA,"ThirdYear",4,1299.93404409111,2019
"AH568","Natural","Raphael",NA,"ThirdYear",5,1481.00548490909,2018
"AH578","Natural","Raphael","M","ThirdYear",1,308.483888859998,2022
"AH578","Natural","Raphael","M","ThirdYear",2,594.967511142222,2021
"AH578","Natural","Raphael","M","ThirdYear",3,858.55608888,2020
"AH578","Natural","Raphael","M","ThirdYear",4,1085.84271109111,2019
"AH578","Natural","Raphael","M","ThirdYear",5,1316.13215190909,2018
"AH586","Natural","Raphael","F","ThirdYear",1,508.258222259998,2022
"AH586","Natural","Raphael","F","ThirdYear",2,811.068844442222,2021
"AH586","Natural","Raphael","F","ThirdYear",3,1159.75875588,2020
"AH586","Natural","Raphael","F","ThirdYear",4,1392.26437809111,2019
"AH586","Natural","Raphael","F","ThirdYear",5,1521.67581790909,2018
"AH651","Natural","Raphael","M","ThirdYear",1,472.938888859998,2022
"AH651","Natural","Raphael","M","ThirdYear",2,844.621177742222,2021
"AH651","Natural","Raphael","M","ThirdYear",3,1172.50108888,2020
"AH651","Natural","Raphael","M","ThirdYear",4,1488.66437809111,2019
"AH651","Natural","Raphael","M","ThirdYear",5,1759.56781790909,2018
"AH732","Natural","Raphael","M","ThirdYear",1,347.857888859998,2022
"AH732","Natural","Raphael","M","ThirdYear",2,677.965177742222,2021
"AH732","Natural","Raphael","M","ThirdYear",3,962.19375558,2020
"AH732","Natural","Raphael","M","ThirdYear",4,1208.01137809111,2019
"AH735","Natural","Raphael","F","ThirdYear",1,515.115888859998,2022
"AH735","Natural","Raphael","F","ThirdYear",2,737.053177742222,2021
"AH735","Natural","Raphael","F","ThirdYear",3,1003.65742218,2020
"AH735","Natural","Raphael","F","ThirdYear",4,1260.17504409111,2019
"AH735","Natural","Raphael","F","ThirdYear",5,1408.66015190909,2018
"AH745","Natural","Raphael","M","ThirdYear",1,370.950222259998,2022
"AH745","Natural","Raphael","M","ThirdYear",2,696.035177742222,2021
"AH745","Natural","Raphael","M","ThirdYear",3,973.88608888,2020
"AH745","Natural","Raphael","M","ThirdYear",4,1207.79337809111,2019
"AH745","Natural","Raphael","M","ThirdYear",5,1347.53415190909,2018
"AH772","Natural","Raphael","F","ThirdYear",1,500.501555559998,2022
"AH772","Natural","Raphael","F","ThirdYear",2,959.776177442222,2021
"AH772","Natural","Raphael","F","ThirdYear",3,1395.39475588,2020
"AH772","Natural","Raphael","F","ThirdYear",4,1653.31437809111,2019
"AH772","Natural","Raphael","F","ThirdYear",5,1820.89548490909,2018
"AH826","Natural","Raphael","F","ThirdYear",1,475.293555559998,2022
"AH826","Natural","Raphael","F","ThirdYear",2,752.864844442222,2021
"AH826","Natural","Raphael","F","ThirdYear",3,1010.74808888,2020
"AH826","Natural","Raphael","F","ThirdYear",4,1240.65737809111,2019
"AH826","Natural","Raphael","F","ThirdYear",5,1414.81715190909,2018
"AH829","Natural","Raphael","F","ThirdYear",1,460.919222259998,2022
"AH829","Natural","Raphael","F","ThirdYear",2,803.765844442222,2021
"AH829","Natural","Raphael","F","ThirdYear",3,1106.49242188,2020
"AH829","Natural","Raphael","F","ThirdYear",4,1334.09704409111,2019
"AH980","Natural","Raphael","F","ThirdYear",1,625.761555559998,2022
"AH980","Natural","Raphael","F","ThirdYear",2,922.737177742222,2021
"AH980","Natural","Raphael","F","ThirdYear",3,1170.54708888,2020
"AH980","Natural","Raphael","F","ThirdYear",4,1375.18471109111,2019
"FZ010","Natural","Valerie","M","FirstYear",1,304.06,2020
"FZ010","Natural","Valerie","M","FirstYear",2,559.92,2019
"FZ010","Natural","Valerie","M","FirstYear",3,772.53,2018
"FZ010","Natural","Valerie","M","FirstYear",4,925.24,2017
"FZ010","Natural","Valerie","M","FirstYear",5,1054.24,2016
"FZ012","Natural","Valerie","F","FirstYear",1,259.8156667,2020
"FZ012","Natural","Valerie","F","FirstYear",2,543.276,2019
"FZ012","Natural","Valerie","F","FirstYear",3,793.6636667,2018
"FZ012","Natural","Valerie","F","FirstYear",4,986.5363333,2017
"FZ030","Natural","Valerie","F","FirstYear",1,319.92,2020
"FZ030","Natural","Valerie","F","FirstYear",2,607.9786667,2019
"FZ030","Natural","Valerie","F","FirstYear",3,874.0996667,2018
"FZ030","Natural","Valerie","F","FirstYear",4,1047.047667,2017
"FZ069","Natural","Valerie","F","FirstYear",1,393.1766667,2020
"FZ069","Natural","Valerie","F","FirstYear",2,760.801,2019
"FZ069","Natural","Valerie","F","FirstYear",3,1053.568333,2018
"FZ069","Natural","Valerie","F","FirstYear",4,1255.362,2017
"FZ069","Natural","Valerie","F","FirstYear",5,1397.697667,2016
"FZ102","Natural","Valerie",NA,"FirstYear",1,292.3243333,2020
"FZ102","Natural","Valerie",NA,"FirstYear",2,568.723,2019
"FZ102","Natural","Valerie",NA,"FirstYear",3,804.9456667,2018
"FZ102","Natural","Valerie",NA,"FirstYear",4,999.776,2017
"FZ102","Natural","Valerie",NA,"FirstYear",5,1081.331,2016
"FZ132","Natural","Valerie","F","FirstYear",1,339.918,2020
"FZ132","Natural","Valerie","F","FirstYear",2,649.2833333,2019
"FZ132","Natural","Valerie","F","FirstYear",3,909.9453333,2018
"FZ132","Natural","Valerie","F","FirstYear",4,1031.183333,2017
"FZ133","Natural","Valerie","F","FirstYear",1,356.8486667,2020
"FZ133","Natural","Valerie","F","FirstYear",2,622.4986667,2019
"FZ133","Natural","Valerie","F","FirstYear",3,878.4446667,2018
"FZ133","Natural","Valerie","F","FirstYear",4,1047.97,2017
"FZ133","Natural","Valerie","F","FirstYear",5,1139.983333,2016
"FZ134","Natural","Valerie","F","FirstYear",1,314.689,2020
"FZ134","Natural","Valerie","F","FirstYear",2,593.6146667,2019
"FZ134","Natural","Valerie","F","FirstYear",3,864.3533333,2018
"FZ134","Natural","Valerie","F","FirstYear",4,1030.104,2017
"FZ134","Natural","Valerie","F","FirstYear",5,1110.916,2016
"FZ181","Natural","Valerie","F","FirstYear",1,307.6273333,2020
"FZ181","Natural","Valerie","F","FirstYear",2,607.4623333,2019
"FZ181","Natural","Valerie","F","FirstYear",3,886.0796667,2018
"FZ181","Natural","Valerie","F","FirstYear",4,1100.062333,2017
"FZ181","Natural","Valerie","F","FirstYear",5,1187.239333,2016
"FZ185","Natural","Valerie","F","FirstYear",1,347.7976667,2020
"FZ185","Natural","Valerie","F","FirstYear",2,672.4793333,2019
"FZ185","Natural","Valerie","F","FirstYear",3,959.7,2018
"FZ185","Natural","Valerie","F","FirstYear",4,1129.201,2017
"FZ185","Natural","Valerie","F","FirstYear",5,1194.350667,2016
"FZ187","Natural","Valerie","M","FirstYear",1,326.574,2020
"FZ187","Natural","Valerie","M","FirstYear",2,615.2663333,2019
"FZ187","Natural","Valerie","M","FirstYear",3,836.4406667,2018
"FZ187","Natural","Valerie","M","FirstYear",4,909.383,2017
"FZ195","Natural","Valerie","F","FirstYear",1,336.0783333,2020
"FZ195","Natural","Valerie","F","FirstYear",2,690.4436667,2019
"FZ195","Natural","Valerie","F","FirstYear",3,904.3896667,2018
"FZ195","Natural","Valerie","F","FirstYear",4,1092.425667,2017
"FZ195","Natural","Valerie","F","FirstYear",5,1185.940667,2016
"FZ214","Natural","Valerie",NA,"FirstYear",1,293.81,2020
"FZ214","Natural","Valerie",NA,"FirstYear",2,573.1036667,2019
"FZ214","Natural","Valerie",NA,"FirstYear",3,798.0186667,2018
"FZ214","Natural","Valerie",NA,"FirstYear",4,972.4096667,2017
"FZ214","Natural","Valerie",NA,"FirstYear",5,1046.578333,2016
"FZ230","Natural","Valerie","F","FirstYear",1,345.904,2020
"FZ230","Natural","Valerie","F","FirstYear",2,711.7483333,2019
"FZ230","Natural","Valerie","F","FirstYear",3,1038.187,2018
"FZ230","Natural","Valerie","F","FirstYear",4,1214.915333,2017
"FZ230","Natural","Valerie","F","FirstYear",5,1283.772667,2016
"FZ242","Natural","Valerie","M","FirstYear",1,300.0936667,2020
"FZ242","Natural","Valerie","M","FirstYear",2,633.8493333,2019
"FZ242","Natural","Valerie","M","FirstYear",3,822.749,2018
"FZ242","Natural","Valerie","M","FirstYear",4,975.5606667,2017
"FZ242","Natural","Valerie","M","FirstYear",5,1051.001667,2016
"FZ244","Natural","Valerie","F","FirstYear",1,310.3926667,2020
"FZ244","Natural","Valerie","F","FirstYear",2,639.2726667,2019
"FZ244","Natural","Valerie","F","FirstYear",3,891.5113333,2018
"FZ244","Natural","Valerie","F","FirstYear",4,1077.799667,2017
"FZ244","Natural","Valerie","F","FirstYear",5,1204.494,2016
"FZ244","Natural","Valerie","F","FirstYear",6,1270.322667,2015
"FZ257","Natural","Valerie","M","FirstYear",1,349.538,2020
"FZ257","Natural","Valerie","M","FirstYear",2,637.6853333,2019
"FZ257","Natural","Valerie","M","FirstYear",3,884.1646667,2018
"FZ257","Natural","Valerie","M","FirstYear",4,1027.166333,2017
"FZ257","Natural","Valerie","M","FirstYear",5,1137.361333,2016
"FZ275","Natural","Valerie",NA,"FirstYear",1,469.8793333,2020
"FZ275","Natural","Valerie",NA,"FirstYear",2,1073.564333,2019
"FZ276","Natural","Valerie","F","FirstYear",1,491.2403333,2020
"FZ276","Natural","Valerie","F","FirstYear",2,1071.214667,2019
"FZ300","Natural","Valerie","F","FirstYear",1,356.6036667,2020
"FZ300","Natural","Valerie","F","FirstYear",2,720.4616667,2019
"FZ300","Natural","Valerie","F","FirstYear",3,974.7766667,2018
"FZ300","Natural","Valerie","F","FirstYear",4,1166.088333,2017
"FZ317","Natural","Valerie","F","FirstYear",1,347.5903333,2020
"FZ317","Natural","Valerie","F","FirstYear",2,687.211,2019
"FZ317","Natural","Valerie","F","FirstYear",3,914.9043333,2018
"FZ317","Natural","Valerie","F","FirstYear",4,1097.741667,2017
"FZ317","Natural","Valerie","F","FirstYear",5,1166.827,2016
"FZ319","Natural","Valerie","F","FirstYear",1,332.2096667,2020
"FZ319","Natural","Valerie","F","FirstYear",2,594.142,2019
"FZ319","Natural","Valerie","F","FirstYear",3,813.6013333,2018
"FZ319","Natural","Valerie","F","FirstYear",4,947.1356667,2017
"FZ319","Natural","Valerie","F","FirstYear",5,1019.600333,2016
"FZ333","Natural","Valerie","F","FirstYear",1,302.263,2020
"FZ333","Natural","Valerie","F","FirstYear",2,554.238,2019
"FZ333","Natural","Valerie","F","FirstYear",3,744.423,2018
"FZ333","Natural","Valerie","F","FirstYear",4,876.4013333,2017
"FZ333","Natural","Valerie","F","FirstYear",5,941.5333333,2016
"FZ362","Natural","Valerie","F","FirstYear",1,407.918,2020
"FZ362","Natural","Valerie","F","FirstYear",2,723.2956667,2019
"FZ362","Natural","Valerie","F","FirstYear",3,1008.929333,2018
"FZ362","Natural","Valerie","F","FirstYear",4,1142.915,2017
"FZ364","Natural","Valerie","F","FirstYear",1,363.4973333,2020
"FZ364","Natural","Valerie","F","FirstYear",2,692.3913333,2019
"FZ364","Natural","Valerie","F","FirstYear",3,911.7136667,2018
"FZ364","Natural","Valerie","F","FirstYear",4,1074.475667,2017
"FZ364","Natural","Valerie","F","FirstYear",5,1156.947333,2016
"FZ378","Natural","Valerie","M","FirstYear",1,310.9293333,2020
"FZ378","Natural","Valerie","M","FirstYear",2,642.5153333,2019
"FZ378","Natural","Valerie","M","FirstYear",3,858.6846667,2018
"FZ378","Natural","Valerie","M","FirstYear",4,986.0536667,2017
"FZ378","Natural","Valerie","M","FirstYear",5,1053.779667,2016
"FZ412","Natural","Valerie","M","FirstYear",1,367.2693333,2020
"FZ412","Natural","Valerie","M","FirstYear",2,710.379,2019
"FZ412","Natural","Valerie","M","FirstYear",3,954.483,2018
"FZ412","Natural","Valerie","M","FirstYear",4,1127.834,2017
"FZ441","Natural","Valerie",NA,"FirstYear",1,350.0176667,2020
"FZ441","Natural","Valerie",NA,"FirstYear",2,688.3613333,2019
"FZ441","Natural","Valerie",NA,"FirstYear",3,928.8586667,2018
"FZ451","Natural","Valerie","M","FirstYear",1,310.613,2020
"FZ451","Natural","Valerie","M","FirstYear",2,608.341,2019
"FZ451","Natural","Valerie","M","FirstYear",3,898.9513333,2018
"FZ451","Natural","Valerie","M","FirstYear",4,1080.039,2017
"FZ451","Natural","Valerie","M","FirstYear",5,1191.906,2016
"FZ460","Natural","Valerie","F","SecondYear",1,297.1766667,2021
"FZ460","Natural","Valerie","F","SecondYear",2,486.6166667,2020
"FZ460","Natural","Valerie","F","SecondYear",3,669.8533333,2019
"FZ460","Natural","Valerie","F","SecondYear",4,774.6706667,2018
"FZ460","Natural","Valerie","F","SecondYear",5,860.988,2017
"FZ489","Natural","Valerie","M","FirstYear",1,328.2233333,2020
"FZ489","Natural","Valerie","M","FirstYear",2,703.6426667,2019
"FZ489","Natural","Valerie","M","FirstYear",3,974.095,2018
"FZ491","Natural","Valerie","M","FirstYear",1,286.519,2020
"FZ491","Natural","Valerie","M","FirstYear",2,600.4706667,2019
"FZ491","Natural","Valerie","M","FirstYear",3,830.078,2018
"FZ498","Natural","Valerie","F","FirstYear",1,295.9493333,2020
"FZ498","Natural","Valerie","F","FirstYear",2,615.3303333,2019
"FZ498","Natural","Valerie","F","FirstYear",3,846.7186667,2018
"FZ498","Natural","Valerie","F","FirstYear",4,1069.538333,2017
"FZ512","Natural","Valerie","F","FirstYear",1,313.197,2020
"FZ512","Natural","Valerie","F","FirstYear",2,600.875,2019
"FZ512","Natural","Valerie","F","FirstYear",3,783.8153333,2018
"FZ512","Natural","Valerie","F","FirstYear",4,952.611,2017
"FZ538","Natural","Valerie","F","SecondYear",1,311.1716667,2021
"FZ538","Natural","Valerie","F","SecondYear",2,570.2033333,2020
"FZ538","Natural","Valerie","F","SecondYear",3,792.594,2019
"FZ538","Natural","Valerie","F","SecondYear",4,991.7663333,2018
"FZ538","Natural","Valerie","F","SecondYear",5,1178.654,2017
"FZ538","Natural","Valerie","F","SecondYear",6,1282.008667,2016
"FZ562","Natural","Valerie","F","SecondYear",1,267.0733333,2021
"FZ562","Natural","Valerie","F","SecondYear",2,499.7396667,2020
"FZ562","Natural","Valerie","F","SecondYear",3,655.2363333,2019
"FZ562","Natural","Valerie","F","SecondYear",4,806.7293333,2018
"FZ562","Natural","Valerie","F","SecondYear",5,916.712,2017
"FZ562","Natural","Valerie","F","SecondYear",6,998.6653333,2016
"FZ566","Natural","Valerie","F","SecondYear",1,325.269,2021
"FZ566","Natural","Valerie","F","SecondYear",2,577.0893333,2020
"FZ566","Natural","Valerie","F","SecondYear",3,759.481,2019
"FZ566","Natural","Valerie","F","SecondYear",4,905.0406667,2018
"FZ566","Natural","Valerie","F","SecondYear",5,1025.528667,2017
"FZ566","Natural","Valerie","F","SecondYear",6,1099.558,2016
"FZ569","Natural","Valerie","F","SecondYear",1,358.03,2021
"FZ569","Natural","Valerie","F","SecondYear",2,697.018,2020
"FZ569","Natural","Valerie","F","SecondYear",3,952.7833333,2019
"FZ569","Natural","Valerie","F","SecondYear",4,1116.073333,2018
"FZ569","Natural","Valerie","F","SecondYear",5,1254.904333,2017
"FZ569","Natural","Valerie","F","SecondYear",6,1321.531333,2016
"FZ570","Natural","Valerie","F","SecondYear",1,414.767,2021
"FZ570","Natural","Valerie","F","SecondYear",2,812.4406667,2020
"FZ570","Natural","Valerie","F","SecondYear",3,1115.928667,2019
"FZ570","Natural","Valerie","F","SecondYear",4,1284.243,2018
"FZ633","Natural","Valerie","F","SecondYear",1,304.2266667,2021
"FZ633","Natural","Valerie","F","SecondYear",2,554.174,2020
"FZ633","Natural","Valerie","F","SecondYear",3,764.185,2019
"FZ633","Natural","Valerie","F","SecondYear",4,938.3776667,2018
"FZ647","Natural","Valerie","F","SecondYear",1,425.7036667,2021
"FZ647","Natural","Valerie","F","SecondYear",2,833.3643333,2020
"FZ647","Natural","Valerie","F","SecondYear",3,1066.436667,2019
"FZ647","Natural","Valerie","F","SecondYear",4,1247.477,2018
"FZ689","Natural","Raphael","F","ThirdYear",1,549.752222259998,2022
"FZ689","Natural","Raphael","F","ThirdYear",2,845.383511142222,2021
"FZ689","Natural","Raphael","F","ThirdYear",3,1200.33208888,2020
"FZ689","Natural","Raphael","F","ThirdYear",4,1495.08104409111,2019
"FZ689","Natural","Raphael","F","ThirdYear",5,1693.55215190909,2018
"FZ689","Natural","Raphael","F","ThirdYear",6,NA,2017
"FZ741","Natural","Valerie","F","SecondYear",1,378.8283333,2021
"FZ741","Natural","Valerie","F","SecondYear",2,643.922,2020
"FZ741","Natural","Valerie","F","SecondYear",3,888.5643333,2019
"FZ741","Natural","Valerie","F","SecondYear",4,1063.810667,2018
"FZ741","Natural","Valerie","F","SecondYear",5,1183.038667,2017
"FZ746","Natural","Valerie",NA,"SecondYear",1,318.547,2021
"FZ746","Natural","Valerie",NA,"SecondYear",2,586.8205,2020
"FZ746","Natural","Valerie",NA,"SecondYear",3,795.0605,2019
"FZ746","Natural","Valerie",NA,"SecondYear",4,947.145,2018
"FZ746","Natural","Valerie",NA,"SecondYear",5,1080.313,2017
"FZ752","Natural","Valerie","F","SecondYear",1,333.102,2021
"FZ752","Natural","Valerie","F","SecondYear",2,578.2763333,2020
"FZ752","Natural","Valerie","F","SecondYear",3,760.0626667,2019
"FZ752","Natural","Valerie","F","SecondYear",4,930.7603333,2018
"FZ752","Natural","Valerie","F","SecondYear",5,1072.470667,2017
"FZ752","Natural","Valerie","F","SecondYear",6,1166.053667,2016
"FZ760","Natural","Valerie","F","SecondYear",1,378.249,2021
"FZ760","Natural","Valerie","F","SecondYear",2,643.5926667,2020
"FZ760","Natural","Valerie","F","SecondYear",3,896.5966667,2019
"FZ775","Natural","Valerie","M","SecondYear",1,325.914,2021
"FZ775","Natural","Valerie","M","SecondYear",2,617.7843333,2020
"FZ775","Natural","Valerie","M","SecondYear",3,855.787,2019
"FZ775","Natural","Valerie","M","SecondYear",4,1038.804667,2018
"FZ792","Natural","Valerie","F","SecondYear",1,288.4226667,2021
"FZ792","Natural","Valerie","F","SecondYear",2,542.4083333,2020
"FZ792","Natural","Valerie","F","SecondYear",3,734.8586667,2019
"FZ792","Natural","Valerie","F","SecondYear",4,847.036,2018
"FZ796","Natural","Valerie","F","SecondYear",1,263.7673333,2021
"FZ796","Natural","Valerie","F","SecondYear",2,497.4996667,2020
"FZ796","Natural","Valerie","F","SecondYear",3,718.674,2019
"FZ796","Natural","Valerie","F","SecondYear",4,879.0776667,2018
"FZ796","Natural","Valerie","F","SecondYear",5,969.1093333,2017
"FZ863","Natural","Valerie","F","SecondYear",1,315.8643333,2021
"FZ863","Natural","Valerie","F","SecondYear",2,564.0163333,2020
"FZ863","Natural","Valerie","F","SecondYear",3,793.7203333,2019
"FZ863","Natural","Valerie","F","SecondYear",4,938.9036667,2018
"FZ863","Natural","Valerie","F","SecondYear",5,1083.150333,2017
"FZ863","Natural","Valerie","F","SecondYear",6,1164.769333,2016
"FZ868","Natural","Valerie","F","SecondYear",1,298.895,2021
"FZ868","Natural","Valerie","F","SecondYear",2,595.4733333,2020
"FZ868","Natural","Valerie","F","SecondYear",3,828.002,2019
"FZ868","Natural","Valerie","F","SecondYear",4,1009.782667,2018
"FZ868","Natural","Valerie","F","SecondYear",5,1097.234333,2017
"FZ869","Natural","Valerie","M","SecondYear",1,311.2693333,2021
"FZ869","Natural","Valerie","M","SecondYear",2,587.4013333,2020
"FZ869","Natural","Valerie","M","SecondYear",3,802.0793333,2019
"FZ869","Natural","Valerie","M","SecondYear",4,970.0593333,2018
"FZ869","Natural","Valerie","M","SecondYear",5,1067.65,2017
"FZ870","Natural","Valerie","F","SecondYear",1,412.151,2021
"FZ870","Natural","Valerie","F","SecondYear",2,739.2033333,2020
"FZ870","Natural","Valerie","F","SecondYear",3,1000.777333,2019
"FZ870","Natural","Valerie","F","SecondYear",4,1171.208667,2018
"FZ870","Natural","Valerie","F","SecondYear",5,1255.557,2017
"FZ899","Natural","Valerie","F","SecondYear",1,370.2043333,2021
"FZ899","Natural","Valerie","F","SecondYear",2,641.182,2020
"FZ899","Natural","Valerie","F","SecondYear",3,861.2726667,2019
"FZ899","Natural","Valerie","F","SecondYear",4,1031.177333,2018
"FZ899","Natural","Valerie","F","SecondYear",5,1165.066667,2017
"FZ902","Natural","Valerie","F","SecondYear",1,361.596,2021
"FZ902","Natural","Valerie","F","SecondYear",2,665.076,2020
"FZ902","Natural","Valerie","F","SecondYear",3,908.924,2019
"FZ902","Natural","Valerie","F","SecondYear",4,1097.170667,2018
"FZ902","Natural","Valerie","F","SecondYear",5,1214.617,2017
"FZ919","Natural","Raphael","F","ThirdYear",1,415.881888859998,2022
"FZ919","Natural","Raphael","F","ThirdYear",2,744.633177742222,2021
"FZ919","Natural","Raphael","F","ThirdYear",3,1056.76442188,2020
"FZ919","Natural","Raphael","F","ThirdYear",4,1358.63204409111,2019
"FZ919","Natural","Raphael","F","ThirdYear",5,1563.22748490909,2018
"AH501","Puya","Raphael","F","ThirdYear",1,319.657822251111,2022
"AH501","Puya","Raphael","F","ThirdYear",2,774.746488922222,2021
"AH501","Puya","Raphael","F","ThirdYear",3,1028.41128924667,2020
"AH501","Puya","Raphael","F","ThirdYear",4,1206.49897576667,2019
"AH503","Puya","Raphael","F","ThirdYear",1,460.096822251111,2022
"AH503","Puya","Raphael","F","ThirdYear",2,1055.18015522222,2021
"AH503","Puya","Raphael","F","ThirdYear",3,1346.75395524667,2020
"AH507","Puya","Raphael","F","ThirdYear",1,380.605822251111,2022
"AH507","Puya","Raphael","F","ThirdYear",2,802.366822222222,2021
"AH507","Puya","Raphael","F","ThirdYear",3,1093.12095524667,2020
"AH507","Puya","Raphael","F","ThirdYear",4,1319.31764276667,2019
"AH507","Puya","Raphael","F","ThirdYear",5,1431.33166647333,2018
"AH533","Puya","Raphael","F","ThirdYear",1,221.767155551111,2022
"AH533","Puya","Raphael","F","ThirdYear",2,573.060488922222,2021
"AH533","Puya","Raphael","F","ThirdYear",3,811.618955546667,2020
"AH533","Puya","Raphael","F","ThirdYear",4,1102.89664276667,2019
"AH546","Puya","Raphael","F","ThirdYear",1,369.176488851111,2022
"AH546","Puya","Raphael","F","ThirdYear",2,868.855155522222,2021
"AH546","Puya","Raphael","F","ThirdYear",3,1224.86495524667,2020
"AH546","Puya","Raphael","F","ThirdYear",4,1469.73830976667,2019
"AH549","Puya","Raphael","M","ThirdYear",1,369.566822251111,2022
"AH549","Puya","Raphael","M","ThirdYear",2,830.509155522222,2021
"AH549","Puya","Raphael","M","ThirdYear",3,1140.89562224667,2020
"AH549","Puya","Raphael","M","ThirdYear",4,1408.76064276667,2019
"AH553","Puya","Raphael","M","ThirdYear",1,398.234822251111,2022
"AH553","Puya","Raphael","M","ThirdYear",2,919.123822222222,2021
"AH553","Puya","Raphael","M","ThirdYear",3,1278.06295524667,2020
"AH583","Puya","Raphael","M","ThirdYear",1,378.028488851111,2022
"AH583","Puya","Raphael","M","ThirdYear",2,725.675822222222,2021
"AH583","Puya","Raphael","M","ThirdYear",3,1008.28195524667,2020
"AH583","Puya","Raphael","M","ThirdYear",4,1245.12564276667,2019
"AH583","Puya","Raphael","M","ThirdYear",5,1446.90066647333,2018
"AH584","Puya","Raphael","F","ThirdYear",1,322.541488851111,2022
"AH584","Puya","Raphael","F","ThirdYear",2,706.118822222222,2021
"AH584","Puya","Raphael","F","ThirdYear",3,949.983288946667,2020
"AH584","Puya","Raphael","F","ThirdYear",4,1147.45764276667,2019
"AH584","Puya","Raphael","F","ThirdYear",5,1261.37566647333,2018
"AH589","Puya","Raphael","F","ThirdYear",1,459.156655551111,2022
"AH589","Puya","Raphael","F","ThirdYear",2,924.946322222222,2021
"AH589","Puya","Raphael","F","ThirdYear",3,1199.57162224667,2020
"AH589","Puya","Raphael","F","ThirdYear",4,1461.36214276667,2019
"AH594","Puya","Raphael","F","ThirdYear",1,429.619155551111,2022
"AH594","Puya","Raphael","F","ThirdYear",2,997.403822222222,2021
"AH594","Puya","Raphael","F","ThirdYear",3,1414.81395524667,2020
"AH594","Puya","Raphael","F","ThirdYear",4,1743.21230976667,2019
"AH595","Puya","Raphael","M","ThirdYear",1,420.310488851111,2022
"AH595","Puya","Raphael","M","ThirdYear",2,983.004489222222,2021
"AH595","Puya","Raphael","M","ThirdYear",3,1375.32662224667,2020
"AH597","Puya","Raphael","F","ThirdYear",1,348.172488851111,2022
"AH597","Puya","Raphael","F","ThirdYear",2,781.867155522222,2021
"AH597","Puya","Raphael","F","ThirdYear",3,1058.49962224667,2020
"AH597","Puya","Raphael","F","ThirdYear",4,1257.42764276667,2019
"AH599","Puya","Raphael","F","ThirdYear",1,347.532822251111,2022
"AH599","Puya","Raphael","F","ThirdYear",2,741.944155522222,2021
"AH599","Puya","Raphael","F","ThirdYear",3,1072.15362224667,2020
"AH599","Puya","Raphael","F","ThirdYear",4,1299.32764276667,2019
"AH620","Puya","Raphael","M","ThirdYear",1,260.271155551111,2022
"AH620","Puya","Raphael","M","ThirdYear",2,634.719822222222,2021
"AH620","Puya","Raphael","M","ThirdYear",3,851.803622246667,2020
"AH620","Puya","Raphael","M","ThirdYear",4,1045.94097576667,2019
"AH620","Puya","Raphael","M","ThirdYear",5,1162.86966647333,2018
"AH630","Puya","Raphael","M","ThirdYear",1,521.648488851111,2022
"AH630","Puya","Raphael","M","ThirdYear",2,1100.96448922222,2021
"AH630","Puya","Raphael","M","ThirdYear",3,1492.24462224667,2020
"AH631","Puya","Raphael","M","ThirdYear",1,476.501488851111,2022
"AH631","Puya","Raphael","M","ThirdYear",2,966.689155222222,2021
"AH631","Puya","Raphael","M","ThirdYear",3,1224.97628924667,2020
"AH631","Puya","Raphael","M","ThirdYear",4,1436.66264276667,2019
"AH631","Puya","Raphael","M","ThirdYear",5,1547.31300047333,2018
"AH637","Puya","Raphael","M","ThirdYear",1,368.582155551111,2022
"AH637","Puya","Raphael","M","ThirdYear",2,855.777488922222,2021
"AH637","Puya","Raphael","M","ThirdYear",3,1205.33795524667,2020
"AH637","Puya","Raphael","M","ThirdYear",4,1432.04730976667,2019
"AH663","Puya","Raphael","M","ThirdYear",1,320.972822251111,2022
"AH663","Puya","Raphael","M","ThirdYear",2,723.539155522222,2021
"AH663","Puya","Raphael","M","ThirdYear",3,983.231955246667,2020
"AH663","Puya","Raphael","M","ThirdYear",4,1218.97764276667,2019
"AH675","Puya","Raphael","M","ThirdYear",1,519.869822251111,2022
"AH675","Puya","Raphael","M","ThirdYear",2,982.292155222222,2021
"AH675","Puya","Raphael","M","ThirdYear",3,1315.71095524667,2020
"AH675","Puya","Raphael","M","ThirdYear",4,1580.81597576667,2019
"AH683","Puya","Raphael","M","ThirdYear",1,465.979488851111,2022
"AH683","Puya","Raphael","M","ThirdYear",2,865.292488922222,2021
"AH683","Puya","Raphael","M","ThirdYear",3,1152.11862224667,2020
"AH683","Puya","Raphael","M","ThirdYear",4,1384.22097576667,2019
"AH689","Puya","Raphael","F","ThirdYear",1,393.964488851111,2022
"AH689","Puya","Raphael","F","ThirdYear",2,892.024488922222,2021
"AH689","Puya","Raphael","F","ThirdYear",3,1246.50662224667,2020
"AH689","Puya","Raphael","F","ThirdYear",4,1474.19864276667,2019
"AH693","Puya","Raphael","F","ThirdYear",1,387.905488851111,2022
"AH693","Puya","Raphael","F","ThirdYear",2,943.799155222222,2021
"AH693","Puya","Raphael","F","ThirdYear",3,1249.64228924667,2020
"AH697","Puya","Raphael","F","ThirdYear",1,355.472155551111,2022
"AH697","Puya","Raphael","F","ThirdYear",2,798.509488922222,2021
"AH697","Puya","Raphael","F","ThirdYear",3,1176.69695524667,2020
"AH697","Puya","Raphael","F","ThirdYear",4,1481.19330976667,2019
"AH702","Puya","Raphael","M","ThirdYear",1,450.590155551111,2022
"AH702","Puya","Raphael","M","ThirdYear",2,1017.29215522222,2021
"AH702","Puya","Raphael","M","ThirdYear",3,1414.28562224667,2020
"AH706","Puya","Raphael","M","ThirdYear",1,378.059822251111,2022
"AH706","Puya","Raphael","M","ThirdYear",2,951.032489222222,2021
"AH706","Puya","Raphael","M","ThirdYear",3,1477.97528924667,2020
"AH713","Puya","Raphael","M","ThirdYear",1,336.857155551111,2022
"AH713","Puya","Raphael","M","ThirdYear",2,784.307155522222,2021
"AH713","Puya","Raphael","M","ThirdYear",3,1188.13495524667,2020
"AH715","Puya","Raphael","M","ThirdYear",1,448.633822251111,2022
"AH715","Puya","Raphael","M","ThirdYear",2,957.749489222222,2021
"AH715","Puya","Raphael","M","ThirdYear",3,1286.13562224667,2020
"AH734","Puya","Raphael","M","ThirdYear",1,431.255155551111,2022
"AH734","Puya","Raphael","M","ThirdYear",2,885.392822222222,2021
"AH734","Puya","Raphael","M","ThirdYear",3,1183.18795524667,2020
"AH734","Puya","Raphael","M","ThirdYear",4,1423.89497576667,2019
"AH746","Puya","Raphael","M","ThirdYear",1,261.720488851111,2022
"AH746","Puya","Raphael","M","ThirdYear",2,755.683488922222,2021
"AH746","Puya","Raphael","M","ThirdYear",3,1042.43962224667,2020
"AH747","Puya","Raphael","M","ThirdYear",1,441.161155551111,2022
"AH747","Puya","Raphael","M","ThirdYear",2,889.742155522222,2021
"AH747","Puya","Raphael","M","ThirdYear",3,1187.50028924667,2020
"AH747","Puya","Raphael","M","ThirdYear",4,1423.08364276667,2019
"AH756","Puya","Raphael","M","ThirdYear",1,311.530488851111,2022
"AH756","Puya","Raphael","M","ThirdYear",2,799.660155522222,2021
"AH756","Puya","Raphael","M","ThirdYear",3,1094.40395524667,2020
"AH756","Puya","Raphael","M","ThirdYear",4,1359.88364276667,2019
"AH777","Puya","Raphael","F","ThirdYear",1,442.091488851111,2022
"AH777","Puya","Raphael","F","ThirdYear",2,902.867155522222,2021
"AH777","Puya","Raphael","F","ThirdYear",3,1157.60395524667,2020
"AH777","Puya","Raphael","F","ThirdYear",4,1359.46464276667,2019
"AH777","Puya","Raphael","F","ThirdYear",5,1473.16133347333,2018
"AH778","Puya","Raphael","F","ThirdYear",1,606.276155551111,2022
"AH778","Puya","Raphael","F","ThirdYear",2,1091.61448922222,2021
"AH778","Puya","Raphael","F","ThirdYear",3,1522.11762224667,2020
"AH783","Puya","Raphael","F","ThirdYear",1,354.128488851111,2022
"AH783","Puya","Raphael","F","ThirdYear",2,811.446155522222,2021
"AH783","Puya","Raphael","F","ThirdYear",3,1095.66462224667,2020
"AH783","Puya","Raphael","F","ThirdYear",4,1305.16764276667,2019
"AH801","Puya","Raphael","F","ThirdYear",1,531.408488851111,2022
"AH801","Puya","Raphael","F","ThirdYear",2,1112.15748922222,2021
"AH801","Puya","Raphael","F","ThirdYear",3,1513.35128924667,2020
"AH804","Puya","Raphael","M","ThirdYear",1,381.741822251111,2022
"AH804","Puya","Raphael","M","ThirdYear",2,794.647822222222,2021
"AH804","Puya","Raphael","M","ThirdYear",3,1101.17395524667,2020
"AH804","Puya","Raphael","M","ThirdYear",4,1396.46264276667,2019
"AH835","Puya","Raphael","F","ThirdYear",1,312.344822251111,2022
"AH835","Puya","Raphael","F","ThirdYear",2,873.433822222222,2021
"AH835","Puya","Raphael","F","ThirdYear",3,1161.11828924667,2020
"AH843","Puya","Raphael","F","ThirdYear",1,341.207822251111,2022
"AH843","Puya","Raphael","F","ThirdYear",2,771.806822222222,2021
"AH843","Puya","Raphael","F","ThirdYear",3,1047.63828924667,2020
"AH843","Puya","Raphael","F","ThirdYear",4,1286.30197576667,2019
"AH843","Puya","Raphael","F","ThirdYear",5,1405.93100047333,2018
"AH845","Puya","Raphael","M","ThirdYear",1,368.037155551111,2022
"AH845","Puya","Raphael","M","ThirdYear",2,871.727155522222,2021
"AH845","Puya","Raphael","M","ThirdYear",3,1204.16695524667,2020
"AH845","Puya","Raphael","M","ThirdYear",4,1428.01397576667,2019
"AH847","Puya","Raphael","F","ThirdYear",1,444.030155551111,2022
"AH847","Puya","Raphael","F","ThirdYear",2,928.820488922222,2021
"AH847","Puya","Raphael","F","ThirdYear",3,1260.17295524667,2020
"AH847","Puya","Raphael","F","ThirdYear",4,1483.61397576667,2019
"AH880","Puya","Raphael","F","ThirdYear",1,434.864155551111,2022
"AH880","Puya","Raphael","F","ThirdYear",2,948.768155222222,2021
"AH880","Puya","Raphael","F","ThirdYear",3,1359.37895524667,2020
"AH887","Puya","Raphael","F","ThirdYear",1,397.616488851111,2022
"AH887","Puya","Raphael","F","ThirdYear",2,955.749822222222,2021
"AH887","Puya","Raphael","F","ThirdYear",3,1347.25528924667,2020
"AH887","Puya","Raphael","F","ThirdYear",4,1656.22264276667,2019
"AH894","Puya","Raphael","M","ThirdYear",1,317.828822251111,2022
"AH894","Puya","Raphael","M","ThirdYear",2,747.375488922222,2021
"AH894","Puya","Raphael","M","ThirdYear",3,1008.54495524667,2020
"AH894","Puya","Raphael","M","ThirdYear",4,1208.06797576667,2019
"AH894","Puya","Raphael","M","ThirdYear",5,1274.93300047333,2018
"AH897","Puya","Raphael","M","ThirdYear",1,261.739155551111,2022
"AH897","Puya","Raphael","M","ThirdYear",2,603.559155522222,2021
"AH897","Puya","Raphael","M","ThirdYear",3,859.965622246667,2020
"AH897","Puya","Raphael","M","ThirdYear",4,1045.60064276667,2019
"AH897","Puya","Raphael","M","ThirdYear",5,1173.26833347333,2018
"AH897","Puya","Raphael","M","ThirdYear",6,NA,2017
"FZ004","Puya","Valerie","F","FirstYear",1,418.9543333,2020
"FZ004","Puya","Valerie","F","FirstYear",2,686.0856667,2019
"FZ004","Puya","Valerie","F","FirstYear",3,926.5063333,2018
"FZ004","Puya","Valerie","F","FirstYear",4,1134.255,2017
"FZ023","Puya","Valerie","M","FirstYear",1,340.464,2020
"FZ023","Puya","Valerie","M","FirstYear",2,610.703,2019
"FZ023","Puya","Valerie","M","FirstYear",3,852.8396667,2018
"FZ023","Puya","Valerie","M","FirstYear",4,1072.881,2017
"FZ023","Puya","Valerie","M","FirstYear",5,1189.045,2016
"FZ027","Puya","Valerie","F","FirstYear",1,349.7426667,2020
"FZ027","Puya","Valerie","F","FirstYear",2,698.2053333,2019
"FZ027","Puya","Valerie","F","FirstYear",3,969.7973333,2018
"FZ027","Puya","Valerie","F","FirstYear",4,1142.334,2017
"FZ032","Puya","Valerie","F","FirstYear",1,287.855,2020
"FZ032","Puya","Valerie","F","FirstYear",2,587.145,2019
"FZ032","Puya","Valerie","F","FirstYear",3,846.901,2018
"FZ032","Puya","Valerie","F","FirstYear",4,1019.107667,2017
"FZ034","Puya","Raphael","M","FirstYear",1,276.482822217778,2020
"FZ034","Puya","Raphael","M","FirstYear",2,628.628155555555,2019
"FZ034","Puya","Raphael","M","FirstYear",3,872.311622246667,2018
"FZ034","Puya","Raphael","M","FirstYear",4,1044.7319761,2017
"FZ050","Puya","Raphael",NA,"FirstYear",1,277.082822217778,2020
"FZ050","Puya","Raphael",NA,"FirstYear",2,638.189822222222,2019
"FZ050","Puya","Raphael",NA,"FirstYear",3,847.223288913334,2018
"FZ050","Puya","Raphael",NA,"FirstYear",4,999.001309433335,2017
"FZ073","Puya","Raphael","F","FirstYear",1,207.630488884444,2020
"FZ073","Puya","Raphael","F","FirstYear",2,558.076822222222,2019
"FZ073","Puya","Raphael","F","FirstYear",3,775.530288913334,2018
"FZ073","Puya","Raphael","F","FirstYear",4,951.263976100001,2017
"FZ074","Puya","Valerie","F","FirstYear",1,372.3926667,2020
"FZ074","Puya","Valerie","F","FirstYear",2,733.352,2019
"FZ074","Puya","Valerie","F","FirstYear",3,968.8493333,2018
"FZ074","Puya","Valerie","F","FirstYear",4,1131.910667,2017
"FZ084","Puya","Valerie","F","FirstYear",1,304.54,2020
"FZ084","Puya","Valerie","F","FirstYear",2,646.5973333,2019
"FZ084","Puya","Valerie","F","FirstYear",3,889.8916667,2018
"FZ084","Puya","Valerie","F","FirstYear",4,1028.620667,2017
"FZ085","Puya","Raphael","F","FirstYear",1,213.433488884444,2020
"FZ085","Puya","Raphael","F","FirstYear",2,537.956488888889,2019
"FZ085","Puya","Raphael","F","FirstYear",3,749.53495558,2018
"FZ085","Puya","Raphael","F","FirstYear",4,933.941976100001,2017
"FZ112","Puya","Valerie","F","FirstYear",1,300.2333333,2020
"FZ112","Puya","Valerie","F","FirstYear",2,612.1703333,2019
"FZ112","Puya","Valerie","F","FirstYear",3,893.8526667,2018
"FZ112","Puya","Valerie","F","FirstYear",4,1079.666667,2017
"FZ142","Puya","Valerie","M","FirstYear",1,348.8863333,2020
"FZ142","Puya","Valerie","M","FirstYear",2,642.234,2019
"FZ142","Puya","Valerie","M","FirstYear",3,925.996,2018
"FZ142","Puya","Valerie","M","FirstYear",4,1039.922333,2017
"FZ146","Puya","Valerie","F","FirstYear",1,394.894,2020
"FZ146","Puya","Valerie","F","FirstYear",2,700.1453333,2019
"FZ146","Puya","Valerie","F","FirstYear",3,998.628,2018
"FZ146","Puya","Valerie","F","FirstYear",4,1108.091667,2017
"FZ153","Puya","Valerie",NA,"FirstYear",1,394.9573333,2020
"FZ153","Puya","Valerie",NA,"FirstYear",2,736.2893333,2019
"FZ153","Puya","Valerie",NA,"FirstYear",3,1011.931,2018
"FZ153","Puya","Valerie",NA,"FirstYear",4,1208.606667,2017
"FZ160","Puya","Raphael","F","FirstYear",1,236.317488884444,2020
"FZ160","Puya","Raphael","F","FirstYear",2,546.462488888889,2019
"FZ160","Puya","Raphael","F","FirstYear",3,774.97195558,2018
"FZ160","Puya","Raphael","F","FirstYear",4,937.955309433335,2017
"FZ183","Puya","Raphael","F","FirstYear",1,246.911155551111,2020
"FZ183","Puya","Raphael","F","FirstYear",2,604.813822222222,2019
"FZ183","Puya","Raphael","F","FirstYear",3,811.672288913334,2018
"FZ183","Puya","Raphael","F","FirstYear",4,1005.4519761,2017
"FZ186","Puya","Valerie","F","FirstYear",1,328.5556667,2020
"FZ186","Puya","Valerie","F","FirstYear",2,597.926,2019
"FZ186","Puya","Valerie","F","FirstYear",3,789.6886667,2018
"FZ186","Puya","Valerie","F","FirstYear",4,953.215,2017
"FZ186","Puya","Valerie","F","FirstYear",5,1064.075667,2016
"FZ188","Puya","Valerie","F","FirstYear",1,342.1186667,2020
"FZ188","Puya","Valerie","F","FirstYear",2,627.1203333,2019
"FZ188","Puya","Valerie","F","FirstYear",3,854.3013333,2018
"FZ188","Puya","Valerie","F","FirstYear",4,989.1393333,2017
"FZ190","Puya","Valerie","F","FirstYear",1,351.6906667,2020
"FZ190","Puya","Valerie","F","FirstYear",2,673.994,2019
"FZ190","Puya","Valerie","F","FirstYear",3,934.2986667,2018
"FZ190","Puya","Valerie","F","FirstYear",4,1087.085667,2017
"FZ192","Puya","Valerie","M","FirstYear",1,379.864,2020
"FZ192","Puya","Valerie","M","FirstYear",2,657.2493333,2019
"FZ192","Puya","Valerie","M","FirstYear",3,907.1683333,2018
"FZ192","Puya","Valerie","M","FirstYear",4,1118.962667,2017
"FZ192","Puya","Valerie","M","FirstYear",5,1232.491,2016
"FZ194","Puya","Valerie","F","FirstYear",1,316.939,2020
"FZ194","Puya","Valerie","F","FirstYear",2,599.1743333,2019
"FZ194","Puya","Valerie","F","FirstYear",3,791.787,2018
"FZ194","Puya","Valerie","F","FirstYear",4,911.7803333,2017
"FZ198","Puya","Valerie","F","FirstYear",1,351.064,2020
"FZ198","Puya","Valerie","F","FirstYear",2,695.095,2019
"FZ198","Puya","Valerie","F","FirstYear",3,970.4876667,2018
"FZ198","Puya","Valerie","F","FirstYear",4,1109.061333,2017
"FZ209","Puya","Valerie","F","FirstYear",1,381.492,2020
"FZ209","Puya","Valerie","F","FirstYear",2,755.4823333,2019
"FZ209","Puya","Valerie","F","FirstYear",3,950.7296667,2018
"FZ209","Puya","Valerie","F","FirstYear",4,1059.725,2017
"FZ212","Puya","Raphael",NA,"FirstYear",1,285.714822217778,2020
"FZ212","Puya","Valerie",NA,"FirstYear",1,302.2723333,2020
"FZ212","Puya","Raphael",NA,"FirstYear",2,670.928822222222,2019
"FZ212","Puya","Valerie",NA,"FirstYear",2,557.2003333,2019
"FZ212","Puya","Raphael",NA,"FirstYear",3,905.16195558,2018
"FZ212","Puya","Valerie",NA,"FirstYear",3,763,2018
"FZ212","Puya","Raphael",NA,"FirstYear",4,1091.1499761,2017
"FZ212","Puya","Valerie",NA,"FirstYear",4,954.5376667,2017
"FZ212","Puya","Valerie",NA,"FirstYear",5,1059.046,2016
"FZ223","Puya","Valerie",NA,"FirstYear",1,321.776,2020
"FZ223","Puya","Valerie",NA,"FirstYear",2,650.029,2019
"FZ223","Puya","Valerie",NA,"FirstYear",3,890.8476667,2018
"FZ248","Puya","Raphael","F","FirstYear",1,192.892155551111,2020
"FZ248","Puya","Raphael","F","FirstYear",2,579.474488888889,2019
"FZ248","Puya","Raphael","F","FirstYear",3,841.38395558,2018
"FZ248","Puya","Raphael","F","FirstYear",4,1022.58730943334,2017
"FZ255","Puya","Valerie","F","FirstYear",1,352.563,2020
"FZ255","Puya","Valerie","F","FirstYear",2,633.4053333,2019
"FZ255","Puya","Valerie","F","FirstYear",3,865.19,2018
"FZ255","Puya","Valerie","F","FirstYear",4,1016.670333,2017
"FZ284","Puya","Valerie","F","SecondYear",1,317.92,2021
"FZ284","Puya","Valerie","F","SecondYear",2,610.53,2020
"FZ284","Puya","Valerie","F","SecondYear",3,861.71,2019
"FZ284","Puya","Valerie","F","SecondYear",4,995.38,2018
"FZ309","Puya","Valerie","M","FirstYear",1,370.2763333,2020
"FZ309","Puya","Valerie","M","FirstYear",2,703.664,2019
"FZ309","Puya","Valerie","M","FirstYear",3,973.5686667,2018
"FZ309","Puya","Valerie","M","FirstYear",4,1130.525,2017
"FZ310","Puya","Valerie","F","FirstYear",1,359.5126667,2020
"FZ310","Puya","Valerie","F","FirstYear",2,718.987,2019
"FZ310","Puya","Valerie","F","FirstYear",3,953.0496667,2018
"FZ310","Puya","Valerie","F","FirstYear",4,1083.183333,2017
"FZ321","Puya","Raphael","M","FirstYear",1,242.670822217778,2020
"FZ321","Puya","Raphael","M","FirstYear",2,622.968155555555,2019
"FZ321","Puya","Raphael","M","FirstYear",3,886.09595558,2018
"FZ321","Puya","Raphael","M","FirstYear",4,1060.15730943334,2017
"FZ324","Puya","Raphael","M","FirstYear",1,262.627488884444,2020
"FZ324","Puya","Valerie","M","FirstYear",1,305.0026667,2020
"FZ324","Puya","Raphael","M","FirstYear",2,571.233822222222,2019
"FZ324","Puya","Valerie","M","FirstYear",2,526.2106667,2019
"FZ324","Puya","Raphael","M","FirstYear",3,774.89795558,2018
"FZ324","Puya","Valerie","M","FirstYear",3,719.4973333,2018
"FZ324","Puya","Raphael","M","FirstYear",4,953.580976100001,2017
"FZ324","Puya","Valerie","M","FirstYear",4,881.9516667,2017
"FZ324","Puya","Valerie","M","FirstYear",5,977.5766667,2016
"FZ326","Puya","Raphael","F","FirstYear",1,194.479822217778,2020
"FZ326","Puya","Raphael","F","FirstYear",2,526.250822222222,2019
"FZ326","Puya","Raphael","F","FirstYear",3,769.39495558,2018
"FZ326","Puya","Raphael","F","FirstYear",4,963.890309433335,2017
"FZ337","Puya","Raphael","F","FirstYear",1,262.645488884444,2020
"FZ337","Puya","Raphael","F","FirstYear",2,574.187822222222,2019
"FZ337","Puya","Raphael","F","FirstYear",3,772.298622246667,2018
"FZ337","Puya","Raphael","F","FirstYear",4,913.890976100001,2017
"FZ339","Puya","Valerie","F","FirstYear",1,371.9923333,2020
"FZ339","Puya","Valerie","F","FirstYear",2,653.5253333,2019
"FZ339","Puya","Valerie","F","FirstYear",3,857.7383333,2018
"FZ339","Puya","Valerie","F","FirstYear",4,1022.216333,2017
"FZ352","Puya","Valerie","M","FirstYear",1,353.9163333,2020
"FZ352","Puya","Valerie","M","FirstYear",2,628.608,2019
"FZ352","Puya","Valerie","M","FirstYear",3,872.804,2018
"FZ352","Puya","Valerie","M","FirstYear",4,1054.755333,2017
"FZ352","Puya","Valerie","M","FirstYear",5,1152.512667,2016
"FZ397","Puya","Raphael","F","SecondYear",1,263.089488851111,2021
"FZ397","Puya","Raphael","F","SecondYear",2,675.783822222222,2020
"FZ397","Puya","Raphael","F","SecondYear",3,964.004622246667,2019
"FZ398","Puya","Valerie","F","SecondYear",1,380.924,2021
"FZ398","Puya","Valerie","F","SecondYear",2,712.25,2020
"FZ398","Puya","Valerie","F","SecondYear",3,926.549,2019
"FZ401","Puya","Raphael","F","FirstYear",1,200.036155551111,2020
"FZ401","Puya","Raphael","F","FirstYear",2,560.234488888889,2019
"FZ401","Puya","Raphael","F","FirstYear",3,781.792288913334,2018
"FZ401","Puya","Raphael","F","FirstYear",4,957.375976100001,2017
"FZ402","Puya","Valerie","F","FirstYear",1,331.468,2020
"FZ402","Puya","Valerie","F","FirstYear",2,676.0906667,2019
"FZ402","Puya","Valerie","F","FirstYear",3,895.808,2018
"FZ403","Puya","Valerie","M","FirstYear",1,392.0876667,2020
"FZ403","Puya","Valerie","M","FirstYear",2,668.4033333,2019
"FZ403","Puya","Valerie","M","FirstYear",3,889.656,2018
"FZ403","Puya","Valerie","M","FirstYear",4,1033.975333,2017
"FZ413","Puya","Raphael","M","FirstYear",1,161.994155551111,2020
"FZ413","Puya","Raphael","M","FirstYear",2,470.178488888889,2019
"FZ413","Puya","Raphael","M","FirstYear",3,661.86795558,2018
"FZ413","Puya","Raphael","M","FirstYear",4,787.003642766668,2017
"FZ419","Puya","Valerie","F","FirstYear",1,297.2375,2020
"FZ419","Puya","Valerie","F","FirstYear",2,544.724,2019
"FZ419","Puya","Valerie","F","FirstYear",3,741.8245,2018
"FZ419","Puya","Valerie","F","FirstYear",4,886.0865,2017
"FZ455","Puya","Valerie","F","FirstYear",1,383.7573333,2020
"FZ455","Puya","Valerie","F","FirstYear",2,730.5376667,2019
"FZ455","Puya","Valerie","F","FirstYear",3,1046.913667,2018
"FZ455","Puya","Valerie","F","FirstYear",4,1267.057333,2017
"FZ464","Puya","Valerie","M","SecondYear",1,314.0136667,2021
"FZ464","Puya","Valerie","M","SecondYear",2,512.3563333,2020
"FZ464","Puya","Valerie","M","SecondYear",3,661.8616667,2019
"FZ464","Puya","Valerie","M","SecondYear",4,778.566,2018
"FZ467","Puya","Raphael","F","SecondYear",1,230.415488851111,2021
"FZ467","Puya","Raphael","F","SecondYear",2,548.938822222222,2020
"FZ467","Puya","Raphael","F","SecondYear",3,759.844955546667,2019
"FZ467","Puya","Raphael","F","SecondYear",4,919.379976066668,2018
"FZ469","Puya","Valerie","F","SecondYear",1,279.8936667,2021
"FZ469","Puya","Valerie","F","SecondYear",2,516.196,2020
"FZ469","Puya","Valerie","F","SecondYear",3,714.2433333,2019
"FZ469","Puya","Valerie","F","SecondYear",4,861.8713333,2018
"FZ482","Puya","Raphael","F","FirstYear",1,299.446822217778,2020
"FZ482","Puya","Raphael","F","FirstYear",2,667.270488888889,2019
"FZ482","Puya","Raphael","F","FirstYear",3,887.435288913334,2018
"FZ482","Puya","Raphael","F","FirstYear",4,1023.84764276667,2017
"FZ486","Puya","Valerie","F","FirstYear",1,339.338,2020
"FZ486","Puya","Valerie","F","FirstYear",2,568.9263333,2019
"FZ486","Puya","Valerie","F","FirstYear",3,785.338,2018
"FZ486","Puya","Valerie","F","FirstYear",4,932.7893333,2017
"FZ501","Puya","Valerie","M","FirstYear",1,318.6746667,2020
"FZ501","Puya","Valerie","M","FirstYear",2,612.5116667,2019
"FZ501","Puya","Valerie","M","FirstYear",3,827.8123333,2018
"FZ501","Puya","Valerie","M","FirstYear",4,1000.789333,2017
"FZ508","Puya","Valerie","F","FirstYear",1,345.664,2020
"FZ508","Puya","Valerie","F","FirstYear",2,675.357,2019
"FZ508","Puya","Valerie","F","FirstYear",3,912.8663333,2018
"FZ508","Puya","Valerie","F","FirstYear",4,1071.035333,2017
"FZ509","Puya","Raphael","F","FirstYear",1,248.101488884444,2020
"FZ509","Puya","Raphael","F","FirstYear",2,584.140488888889,2019
"FZ509","Puya","Raphael","F","FirstYear",3,794.55595558,2018
"FZ509","Puya","Raphael","F","FirstYear",4,943.819976100001,2017
"FZ520","Puya","Valerie","M","SecondYear",1,428.271,2021
"FZ520","Puya","Valerie","M","SecondYear",2,757.255,2020
"FZ520","Puya","Valerie","M","SecondYear",3,1014.134333,2019
"FZ522","Puya","Raphael","M","FirstYear",1,159.983488884444,2020
"FZ522","Puya","Raphael","M","FirstYear",2,490.722488888889,2019
"FZ522","Puya","Raphael","M","FirstYear",3,681.84195558,2018
"FZ522","Puya","Raphael","M","FirstYear",4,817.875976100001,2017
"FZ524","Puya","Valerie","M","FirstYear",1,330.0123333,2020
"FZ524","Puya","Valerie","M","FirstYear",2,620.3343333,2019
"FZ524","Puya","Valerie","M","FirstYear",3,863.7343333,2018
"FZ524","Puya","Valerie","M","FirstYear",4,1068.85,2017
"FZ528","Puya","Raphael","F","FirstYear",1,197.655488884444,2020
"FZ528","Puya","Raphael","F","FirstYear",2,507.961822222222,2019
"FZ528","Puya","Raphael","F","FirstYear",3,708.27795558,2018
"FZ528","Puya","Raphael","F","FirstYear",4,824.378976100001,2017
"FZ530","Puya","Valerie","F","FirstYear",1,288.0023333,2020
"FZ530","Puya","Valerie","F","FirstYear",2,557.6976667,2019
"FZ530","Puya","Valerie","F","FirstYear",3,792.8773333,2018
"FZ530","Puya","Valerie","F","FirstYear",4,966.1973333,2017
"FZ536","Puya","Valerie","F","SecondYear",1,347.417,2021
"FZ536","Puya","Valerie","F","SecondYear",2,672.2106667,2020
"FZ536","Puya","Valerie","F","SecondYear",3,934.4133333,2019
"FZ536","Puya","Valerie","F","SecondYear",4,1102.413667,2018
"FZ536","Puya","Valerie","F","SecondYear",5,1230.463,2017
"FZ542","Puya","Raphael","F","FirstYear",1,293.375488884444,2020
"FZ542","Puya","Raphael","F","FirstYear",2,665.883822222222,2019
"FZ542","Puya","Raphael","F","FirstYear",3,868.917622246667,2018
"FZ542","Puya","Raphael","F","FirstYear",4,1038.7389761,2017
"FZ544","Puya","Valerie","M","FirstYear",1,320.2463333,2020
"FZ544","Puya","Valerie","M","FirstYear",2,569.4606667,2019
"FZ544","Puya","Valerie","M","FirstYear",3,791.5963333,2018
"FZ544","Puya","Valerie","M","FirstYear",4,961.142,2017
"FZ548","Puya","Valerie","M","SecondYear",1,332.4136667,2021
"FZ548","Puya","Valerie","M","SecondYear",2,544.5933333,2020
"FZ548","Puya","Valerie","M","SecondYear",3,743.5313333,2019
"FZ548","Puya","Valerie","M","SecondYear",4,904.5023333,2018
"FZ549","Puya","Raphael","F","SecondYear",1,281.537822251111,2021
"FZ549","Puya","Raphael","F","SecondYear",2,624.738822222222,2020
"FZ549","Puya","Raphael","F","SecondYear",3,851.784955546667,2019
"FZ549","Puya","Raphael","F","SecondYear",4,994.958309466668,2018
"FZ552","Puya","Raphael","F","FirstYear",1,218.633155551111,2020
"FZ552","Puya","Raphael","F","FirstYear",2,529.642822222222,2019
"FZ552","Puya","Raphael","F","FirstYear",3,728.717622246667,2018
"FZ552","Puya","Raphael","F","FirstYear",4,871.364976100001,2017
"FZ564","Puya","Raphael","F","SecondYear",1,156.034822251111,2021
"FZ564","Puya","Raphael","F","SecondYear",2,500.328155522222,2020
"FZ564","Puya","Raphael","F","SecondYear",3,729.815288946667,2019
"FZ564","Puya","Raphael","F","SecondYear",4,886.963309466668,2018
"FZ586","Puya","Valerie","M","SecondYear",1,309.258,2021
"FZ586","Puya","Valerie","M","SecondYear",2,513.4446667,2020
"FZ586","Puya","Valerie","M","SecondYear",3,713.047,2019
"FZ586","Puya","Valerie","M","SecondYear",4,868.9553333,2018
"FZ587","Puya","Raphael","F","SecondYear",1,150.982155551111,2021
"FZ587","Puya","Raphael","F","SecondYear",2,460.761155522222,2020
"FZ587","Puya","Raphael","F","SecondYear",3,657.093955546667,2019
"FZ587","Puya","Raphael","F","SecondYear",4,824.489642766668,2018
"FZ603","Puya","Valerie","M","SecondYear",1,338.9656667,2021
"FZ603","Puya","Valerie","M","SecondYear",2,575.292,2020
"FZ603","Puya","Valerie","M","SecondYear",3,772.1993333,2019
"FZ603","Puya","Valerie","M","SecondYear",4,925.1203333,2018
"FZ608","Puya","Valerie","F","SecondYear",1,440.9943333,2021
"FZ608","Puya","Valerie","F","SecondYear",2,718.16,2020
"FZ608","Puya","Valerie","F","SecondYear",3,999.137,2019
"FZ610","Puya","Raphael","F","SecondYear",1,251.516488851111,2021
"FZ610","Puya","Raphael","F","SecondYear",2,661.018155522222,2020
"FZ610","Puya","Raphael","F","SecondYear",3,917.078622246667,2019
"FZ622","Puya","Raphael","F","SecondYear",1,271.707155551111,2021
"FZ622","Puya","Raphael","F","SecondYear",2,701.411155522222,2020
"FZ622","Puya","Raphael","F","SecondYear",3,975.544622246667,2019
"FZ623","Puya","Valerie","F","SecondYear",1,402.6136667,2021
"FZ623","Puya","Valerie","F","SecondYear",2,809.0723333,2020
"FZ623","Puya","Valerie","F","SecondYear",3,1026.846,2019
"FZ631","Puya","Raphael","F","SecondYear",1,230.368488851111,2021
"FZ631","Puya","Raphael","F","SecondYear",2,630.692488922222,2020
"FZ631","Puya","Raphael","F","SecondYear",3,880.070622246667,2019
"FZ632","Puya","Raphael","F","SecondYear",1,268.845822251111,2021
"FZ632","Puya","Raphael","F","SecondYear",2,710.478822222222,2020
"FZ632","Puya","Raphael","F","SecondYear",3,969.745288946667,2019
"FZ648","Puya","Valerie","F","SecondYear",1,326.594,2021
"FZ648","Puya","Valerie","F","SecondYear",2,608.6813333,2020
"FZ648","Puya","Valerie","F","SecondYear",3,868.5086667,2019
"FZ648","Puya","Valerie","F","SecondYear",4,1082.462667,2018
"FZ650","Puya","Raphael","F","SecondYear",1,227.267822251111,2021
"FZ650","Puya","Raphael","F","SecondYear",2,560.800155522222,2020
"FZ650","Puya","Raphael","F","SecondYear",3,787.629288946667,2019
"FZ650","Puya","Raphael","F","SecondYear",4,963.618309466668,2018
"FZ673","Puya","Raphael","F","SecondYear",1,165.249155551111,2021
"FZ673","Puya","Raphael","F","SecondYear",2,505.909155522222,2020
"FZ673","Puya","Raphael","F","SecondYear",3,717.509288946667,2019
"FZ673","Puya","Raphael","F","SecondYear",4,905.992642766668,2018
"FZ690","Puya","Raphael","F","ThirdYear",1,330.381488851111,2022
"FZ690","Puya","Raphael","F","ThirdYear",2,804.911488922222,2021
"FZ690","Puya","Raphael","F","ThirdYear",3,1116.68628924667,2020
"FZ690","Puya","Raphael","F","ThirdYear",4,1434.23530976667,2019
"FZ701","Puya","Raphael","M","SecondYear",1,223.580488851111,2021
"FZ701","Puya","Raphael","M","SecondYear",2,582.902155522222,2020
"FZ701","Puya","Raphael","M","SecondYear",3,821.737955546667,2019
"FZ701","Puya","Raphael","M","SecondYear",4,1016.49864276667,2018
"FZ702","Puya","Valerie","M","SecondYear",1,386.5186667,2021
"FZ702","Puya","Valerie","M","SecondYear",2,809.92,2020
"FZ702","Puya","Valerie","M","SecondYear",3,1124.699333,2019
"FZ713","Puya","Valerie","F","SecondYear",1,369.108,2021
"FZ713","Puya","Valerie","F","SecondYear",2,733.104,2020
"FZ713","Puya","Valerie","F","SecondYear",3,993.0006667,2019
"FZ726","Puya","Valerie","M","SecondYear",1,339.4343333,2021
"FZ726","Puya","Valerie","M","SecondYear",2,580.8803333,2020
"FZ726","Puya","Valerie","M","SecondYear",3,776.672,2019
"FZ726","Puya","Valerie","M","SecondYear",4,950.4566667,2018
"FZ730","Puya","Raphael","M","SecondYear",1,166.843822251111,2021
"FZ730","Puya","Raphael","M","SecondYear",2,464.549155522222,2020
"FZ730","Puya","Raphael","M","SecondYear",3,657.796622246667,2019
"FZ730","Puya","Raphael","M","SecondYear",4,798.659642766668,2018
"FZ749","Puya","Valerie",NA,"SecondYear",1,267.8046667,2021
"FZ749","Puya","Valerie",NA,"SecondYear",2,527.0796667,2020
"FZ749","Puya","Valerie",NA,"SecondYear",3,773.8313333,2019
"FZ771","Puya","Valerie","F","SecondYear",1,415.1026667,2021
"FZ771","Puya","Valerie","F","SecondYear",2,866.4723333,2020
"FZ771","Puya","Valerie","F","SecondYear",3,1093.301333,2019
"FZ777","Puya","Raphael","F","SecondYear",1,201.103155551111,2021
"FZ777","Puya","Raphael","F","SecondYear",2,533.600488922222,2020
"FZ777","Puya","Raphael","F","SecondYear",3,755.066622246667,2019
"FZ777","Puya","Raphael","F","SecondYear",4,932.173642766668,2018
"FZ784","Puya","Raphael","M","SecondYear",1,234.347155551111,2021
"FZ784","Puya","Raphael","M","SecondYear",2,530.274822222222,2020
"FZ784","Puya","Raphael","M","SecondYear",3,717.679288946667,2019
"FZ784","Puya","Raphael","M","SecondYear",4,850.527642766668,2018
"FZ785","Puya","Valerie","M","SecondYear",1,346.4913333,2021
"FZ785","Puya","Valerie","M","SecondYear",2,695.351,2020
"FZ785","Puya","Valerie","M","SecondYear",3,976.2496667,2019
"FZ787","Puya","Raphael","F","ThirdYear",1,417.523155551111,2022
"FZ787","Puya","Raphael","F","ThirdYear",2,915.309822222222,2021
"FZ787","Puya","Raphael","F","ThirdYear",3,1126.72762224667,2020
"FZ787","Puya","Raphael","F","ThirdYear",4,1351.85997576667,2019
"FZ787","Puya","Raphael","F","ThirdYear",5,1499.47900047333,2018
"FZ791","Puya","Valerie","F","SecondYear",1,306.9103333,2021
"FZ791","Puya","Valerie","F","SecondYear",2,584.6683333,2020
"FZ791","Puya","Valerie","F","SecondYear",3,813.27,2019
"FZ791","Puya","Valerie","F","SecondYear",4,960.424,2018
"FZ832","Puya","Raphael","F","SecondYear",1,211.699822251111,2021
"FZ832","Puya","Raphael","F","SecondYear",2,609.592488922222,2020
"FZ832","Puya","Raphael","F","SecondYear",3,879.830955546667,2019
"FZ832","Puya","Raphael","F","SecondYear",4,1080.85864276667,2018
"FZ833","Puya","Raphael","M","SecondYear",1,220.339488851111,2021
"FZ833","Puya","Raphael","M","SecondYear",2,563.676155522222,2020
"FZ833","Puya","Raphael","M","SecondYear",3,806.992622246667,2019
"FZ833","Puya","Raphael","M","SecondYear",4,1035.10030976667,2018
"FZ834","Puya","Valerie","M","SecondYear",1,361.7416667,2021
"FZ834","Puya","Valerie","M","SecondYear",2,749.682,2020
"FZ834","Puya","Valerie","M","SecondYear",3,959.615,2019
"FZ836","Puya","Raphael","F","SecondYear",1,229.624488851111,2021
"FZ836","Puya","Raphael","F","SecondYear",2,541.419822222222,2020
"FZ836","Puya","Raphael","F","SecondYear",3,739.851955546667,2019
"FZ836","Puya","Raphael","F","SecondYear",4,875.310642766668,2018
"FZ837","Puya","Valerie","M","SecondYear",1,465.1943333,2021
"FZ837","Puya","Valerie","M","SecondYear",2,902.283,2020
"FZ837","Puya","Valerie","M","SecondYear",3,1171.039667,2019
"FZ838","Puya","Raphael","F","SecondYear",1,310.964488851111,2021
"FZ838","Puya","Raphael","F","SecondYear",2,643.912155522222,2020
"FZ838","Puya","Raphael","F","SecondYear",3,883.858288946667,2019
"FZ838","Puya","Raphael","F","SecondYear",4,1074.39497576667,2018
"FZ848","Puya","Valerie","M","SecondYear",1,365.586,2021
"FZ848","Puya","Valerie","M","SecondYear",2,712.723,2020
"FZ848","Puya","Valerie","M","SecondYear",3,995.062,2019
"FZ851","Puya","Valerie","F","SecondYear",1,289.7776667,2021
"FZ851","Puya","Valerie","F","SecondYear",2,557.4773333,2020
"FZ851","Puya","Valerie","F","SecondYear",3,818.431,2019
"FZ851","Puya","Valerie","F","SecondYear",4,944.6856667,2018
"FZ881","Puya","Valerie","F","SecondYear",1,274.7506667,2021
"FZ881","Puya","Valerie","F","SecondYear",2,537.219,2020
"FZ881","Puya","Valerie","F","SecondYear",3,762.9536667,2019
"FZ881","Puya","Valerie","F","SecondYear",4,936.8033333,2018
"FZ882","Puya","Valerie","F","SecondYear",1,256.597,2021
"FZ882","Puya","Valerie","F","SecondYear",2,489.0536667,2020
"FZ882","Puya","Valerie","F","SecondYear",3,714.6446667,2019
"FZ882","Puya","Valerie","F","SecondYear",4,900.1086667,2018
"FZ888","Puya","Valerie","M","SecondYear",1,277.95,2021
"FZ888","Puya","Valerie","M","SecondYear",2,550.4526667,2020
"FZ888","Puya","Valerie","M","SecondYear",3,781.944,2019
"FZ888","Puya","Valerie","M","SecondYear",4,951.7026667,2018
"FZ891","Puya","Valerie","F","SecondYear",1,349.666,2021
"FZ891","Puya","Valerie","F","SecondYear",2,590.382,2020
"FZ891","Puya","Valerie","F","SecondYear",3,785.675,2019
"FZ891","Puya","Valerie","F","SecondYear",4,927.6,2018
"FZ891","Puya","Valerie","F","SecondYear",5,1042.936667,2017
"FZ893","Puya","Valerie","M","SecondYear",1,288.6166667,2021
"FZ893","Puya","Valerie","M","SecondYear",2,555.5723333,2020
"FZ893","Puya","Valerie","M","SecondYear",3,783.733,2019
"FZ893","Puya","Valerie","M","SecondYear",4,949.8046667,2018
"FZ893","Puya","Valerie","M","SecondYear",5,1094.811667,2017
"FZ900","Puya","Valerie","F","SecondYear",1,300.7253333,2021
"FZ900","Puya","Valerie","F","SecondYear",2,621.3833333,2020
"FZ900","Puya","Valerie","F","SecondYear",3,879.9746667,2019
"FZ900","Puya","Valerie","F","SecondYear",4,1069.596,2018
"FZ912","Puya","Valerie","M","SecondYear",1,292.408,2021
"FZ912","Puya","Valerie","M","SecondYear",2,532.5573333,2020
"FZ912","Puya","Valerie","M","SecondYear",3,729.7213333,2019
"FZ912","Puya","Valerie","M","SecondYear",4,888.6663333,2018
"FZ913","Puya","Valerie",NA,"SecondYear",1,272.32,2021
"FZ913","Puya","Valerie",NA,"SecondYear",2,523.85,2020
"FZ913","Puya","Valerie",NA,"SecondYear",3,776.4333333,2019
"FZ917","Puya","Raphael","F","ThirdYear",1,475.786822251111,2022
"FZ917","Puya","Raphael","F","ThirdYear",2,987.051822222222,2021
"FZ917","Puya","Raphael","F","ThirdYear",3,1513.95095524667,2020
"FZ917","Puya","Raphael","F","ThirdYear",4,1854.23830976667,2019
"FZ917","Puya","Raphael","F","ThirdYear",5,1499.47900047333,2018
"FZ922","Puya","Raphael","M","ThirdYear",1,404.955822251111,2022
"FZ922","Puya","Raphael","M","ThirdYear",2,826.066822222222,2021
"FZ922","Puya","Raphael","M","ThirdYear",3,1129.86862224667,2020
"FZ922","Puya","Raphael","M","ThirdYear",4,1358.62564276667,2019
"FZ925","Puya","Raphael","M","ThirdYear",1,381.727822251111,2022
"FZ925","Puya","Raphael","M","ThirdYear",2,878.799488922222,2021
"FZ925","Puya","Raphael","M","ThirdYear",3,1165.36295524667,2020
"FZ932","Puya","Raphael","F","SecondYear",1,209.903155551111,2021
"FZ932","Puya","Raphael","F","SecondYear",2,560.831488922222,2020
"FZ932","Puya","Raphael","F","SecondYear",3,787.789955546667,2019
"AH509","Rives","Raphael","M","ThirdYear",1,391.614155591109,2022
"AH509","Rives","Raphael","M","ThirdYear",2,877.655466666667,2021
"AH509","Rives","Raphael","M","ThirdYear",3,1154.76733331778,2020
"AH509","Rives","Raphael","M","ThirdYear",4,1323.56695588889,2019
"AH509","Rives","Raphael","M","ThirdYear",5,1459.693153,2018
"AH537","Rives","Raphael","F","ThirdYear",1,479.208155591109,2022
"AH537","Rives","Raphael","F","ThirdYear",2,1058.34279996667,2021
"AH537","Rives","Raphael","F","ThirdYear",3,1344.80866701778,2020
"AH538","Rives","Raphael","F","ThirdYear",1,485.031822191109,2022
"AH538","Rives","Raphael","F","ThirdYear",2,1022.23446666667,2021
"AH538","Rives","Raphael","F","ThirdYear",3,1338.84333301778,2020
"AH538","Rives","Raphael","F","ThirdYear",4,1680.42628888889,2019
"AH540","Rives","Raphael","M","ThirdYear",1,688.348155591109,2022
"AH540","Rives","Raphael","M","ThirdYear",2,1257.83313366667,2021
"AH540","Rives","Raphael","M","ThirdYear",3,1746.05266701778,2020
"AH573","Rives","Raphael","F","ThirdYear",1,374.554822191109,2022
"AH573","Rives","Raphael","F","ThirdYear",2,870.298799966667,2021
"AH573","Rives","Raphael","F","ThirdYear",3,1081.55700001778,2020
"AH573","Rives","Raphael","F","ThirdYear",4,1301.78795588889,2019
"AH573","Rives","Raphael","F","ThirdYear",5,1484.727486,2018
"AH581","Rives","Raphael","F","ThirdYear",1,537.825822191109,2022
"AH581","Rives","Raphael","F","ThirdYear",2,1159.91913366667,2021
"AH581","Rives","Raphael","F","ThirdYear",3,1658.21900001778,2020
"AH582","Rives","Raphael","F","ThirdYear",1,496.948488891109,2022
"AH582","Rives","Raphael","F","ThirdYear",2,1054.60646666667,2021
"AH582","Rives","Raphael","F","ThirdYear",3,1303.72666701778,2020
"AH582","Rives","Raphael","F","ThirdYear",4,1542.38395588889,2019
"AH591","Rives","Raphael","F","ThirdYear",1,478.219822191109,2022
"AH591","Rives","Raphael","F","ThirdYear",2,1021.34379996667,2021
"AH591","Rives","Raphael","F","ThirdYear",3,1346.34733301778,2020
"AH591","Rives","Raphael","F","ThirdYear",4,1574.90528888889,2019
"AH593","Rives","Raphael","F","ThirdYear",1,472.937822191109,2022
"AH593","Rives","Raphael","F","ThirdYear",2,1045.70846666667,2021
"AH593","Rives","Raphael","F","ThirdYear",3,1348.14300001778,2020
"AH593","Rives","Raphael","F","ThirdYear",4,1540.90828888889,2019
"AH609","Rives","Raphael","M","ThirdYear",1,403.168488891109,2022
"AH609","Rives","Raphael","M","ThirdYear",2,956.906799966667,2021
"AH609","Rives","Raphael","M","ThirdYear",3,1413.39533301778,2020
"AH616","Rives","Raphael","M","ThirdYear",1,388.651488891109,2022
"AH616","Rives","Raphael","M","ThirdYear",2,845.680799966667,2021
"AH616","Rives","Raphael","M","ThirdYear",3,1153.70533331778,2020
"AH616","Rives","Raphael","M","ThirdYear",4,1320.74295588889,2019
"AH616","Rives","Raphael","M","ThirdYear",5,1467.97082,2018
"AH619","Rives","Raphael","M","ThirdYear",1,488.995155591109,2022
"AH619","Rives","Raphael","M","ThirdYear",2,1087.72979996667,2021
"AH619","Rives","Raphael","M","ThirdYear",3,1418.75666701778,2020
"AH628","Rives","Raphael","M","ThirdYear",1,592.398155591109,2022
"AH628","Rives","Raphael","M","ThirdYear",2,1159.58546666667,2021
"AH628","Rives","Raphael","M","ThirdYear",3,1470.59333301778,2020
"AH628","Rives","Raphael","M","ThirdYear",4,1806.79695588889,2019
"AH629","Rives","Raphael","M","ThirdYear",1,485.101155591109,2022
"AH629","Rives","Raphael","M","ThirdYear",2,1078.89479996667,2021
"AH629","Rives","Raphael","M","ThirdYear",3,1391.30766701778,2020
"AH629","Rives","Raphael","M","ThirdYear",4,1612.78062188889,2019
"AH634","Rives","Raphael","M","ThirdYear",1,356.966822191109,2022
"AH634","Rives","Raphael","M","ThirdYear",2,905.014799966667,2021
"AH634","Rives","Raphael","M","ThirdYear",3,1199.73166701778,2020
"AH634","Rives","Raphael","M","ThirdYear",4,1374.42228888889,2019
"AH638","Rives","Raphael","M","ThirdYear",1,463.092155591109,2022
"AH638","Rives","Raphael","M","ThirdYear",2,977.497466666667,2021
"AH638","Rives","Raphael","M","ThirdYear",3,1239.18266701778,2020
"AH638","Rives","Raphael","M","ThirdYear",4,1396.76162188889,2019
"AH638","Rives","Raphael","M","ThirdYear",5,1622.704486,2018
"AH659","Rives","Raphael","F","ThirdYear",1,383.589822191109,2022
"AH659","Rives","Raphael","F","ThirdYear",2,900.746133366667,2021
"AH659","Rives","Raphael","F","ThirdYear",3,1331.48733301778,2020
"AH660","Rives","Raphael","F","ThirdYear",1,493.407822191109,2022
"AH660","Rives","Raphael","F","ThirdYear",2,1087.29713336667,2021
"AH660","Rives","Raphael","F","ThirdYear",3,1433.52566701778,2020
"AH660","Rives","Raphael","F","ThirdYear",4,1645.93262188889,2019
"AH665","Rives","Raphael","F","ThirdYear",1,464.588488891109,2022
"AH665","Rives","Raphael","F","ThirdYear",2,1000.22179996667,2021
"AH665","Rives","Raphael","F","ThirdYear",3,1362.45500001778,2020
"AH665","Rives","Raphael","F","ThirdYear",4,1596.85928888889,2019
"AH669","Rives","Raphael","F","ThirdYear",1,483.760822191109,2022
"AH669","Rives","Raphael","F","ThirdYear",2,1062.44713336667,2021
"AH669","Rives","Raphael","F","ThirdYear",3,1374.75566701778,2020
"AH669","Rives","Raphael","F","ThirdYear",4,1607.14595588889,2019
"AH670","Rives","Raphael","F","ThirdYear",1,585.382155591109,2022
"AH670","Rives","Raphael","F","ThirdYear",2,1105.78313336667,2021
"AH670","Rives","Raphael","F","ThirdYear",3,1387.44466701778,2020
"AH670","Rives","Raphael","F","ThirdYear",4,1618.86395588889,2019
"AH671","Rives","Raphael","F","ThirdYear",1,530.239488891109,2022
"AH671","Rives","Raphael","F","ThirdYear",2,1100.64113336667,2021
"AH671","Rives","Raphael","F","ThirdYear",3,1441.11833301778,2020
"AH674","Rives","Raphael","F","ThirdYear",1,553.629822191109,2022
"AH674","Rives","Raphael","F","ThirdYear",2,1111.23446666667,2021
"AH674","Rives","Raphael","F","ThirdYear",3,1477.16000001778,2020
"AH674","Rives","Raphael","F","ThirdYear",4,1741.45228888889,2019
"AH676","Rives","Raphael","F","ThirdYear",1,449.372822191109,2022
"AH676","Rives","Raphael","F","ThirdYear",2,1115.43046666667,2021
"AH676","Rives","Raphael","F","ThirdYear",3,1425.59666701778,2020
"AH682","Rives","Raphael","F","ThirdYear",1,421.137488891109,2022
"AH682","Rives","Raphael","F","ThirdYear",2,922.554799966667,2021
"AH682","Rives","Raphael","F","ThirdYear",3,1366.32166701778,2020
"AH685","Rives","Raphael","M","ThirdYear",1,460.687155591109,2022
"AH685","Rives","Raphael","M","ThirdYear",2,1015.17013336667,2021
"AH685","Rives","Raphael","M","ThirdYear",3,1278.80966701778,2020
"AH685","Rives","Raphael","M","ThirdYear",4,1466.58895588889,2019
"AH687","Rives","Raphael","F","ThirdYear",1,402.391488891109,2022
"AH687","Rives","Raphael","F","ThirdYear",2,909.172799966667,2021
"AH687","Rives","Raphael","F","ThirdYear",3,1364.65933301778,2020
"AH695","Rives","Raphael","M","ThirdYear",1,409.710488891109,2022
"AH695","Rives","Raphael","M","ThirdYear",2,1108.91146666667,2021
"AH695","Rives","Raphael","M","ThirdYear",3,1496.58200001778,2020
"AH708","Rives","Raphael","M","ThirdYear",1,526.252822191109,2022
"AH708","Rives","Raphael","M","ThirdYear",2,1240.28813366667,2021
"AH708","Rives","Raphael","M","ThirdYear",3,1712.44700001778,2020
"AH718","Rives","Raphael","M","ThirdYear",1,500.388488891109,2022
"AH718","Rives","Raphael","M","ThirdYear",2,1175.64146666667,2021
"AH718","Rives","Raphael","M","ThirdYear",3,1476.28300001778,2020
"AH753","Rives","Raphael","M","ThirdYear",1,523.276822191109,2022
"AH753","Rives","Raphael","M","ThirdYear",2,1161.11213366667,2021
"AH753","Rives","Raphael","M","ThirdYear",3,1493.90700001778,2020
"AH753","Rives","Raphael","M","ThirdYear",4,1776.13695588889,2019
"AH782","Rives","Raphael","F","ThirdYear",1,516.181822191109,2022
"AH782","Rives","Raphael","F","ThirdYear",2,1113.42879966667,2021
"AH782","Rives","Raphael","F","ThirdYear",3,1391.72633301778,2020
"AH782","Rives","Raphael","F","ThirdYear",4,1603.11495588889,2019
"AH812","Rives","Raphael","M","ThirdYear",1,559.698822191109,2022
"AH812","Rives","Raphael","M","ThirdYear",2,1106.46513366667,2021
"AH812","Rives","Raphael","M","ThirdYear",3,1416.43666701778,2020
"AH812","Rives","Raphael","M","ThirdYear",4,1629.58195588889,2019
"AH812","Rives","Raphael","M","ThirdYear",5,1813.611153,2018
"AH814","Rives","Raphael","M","ThirdYear",1,501.646488891109,2022
"AH814","Rives","Raphael","M","ThirdYear",2,991.011799966667,2021
"AH814","Rives","Raphael","M","ThirdYear",3,1267.01066701778,2020
"AH814","Rives","Raphael","M","ThirdYear",4,1462.17995588889,2019
"AH814","Rives","Raphael","M","ThirdYear",5,1632.07882,2018
"AH817","Rives","Raphael","M","ThirdYear",1,458.214155591109,2022
"AH817","Rives","Raphael","M","ThirdYear",2,914.336799966667,2021
"AH817","Rives","Raphael","M","ThirdYear",3,1149.74766671778,2020
"AH817","Rives","Raphael","M","ThirdYear",4,1370.46862188889,2019
"AH817","Rives","Raphael","M","ThirdYear",5,1538.889153,2018
"AH842","Rives","Raphael","F","ThirdYear",1,401.928488891109,2022
"AH842","Rives","Raphael","F","ThirdYear",2,918.302799966667,2021
"AH842","Rives","Raphael","F","ThirdYear",3,1166.60133331778,2020
"AH842","Rives","Raphael","F","ThirdYear",4,1319.44362188889,2019
"AH842","Rives","Raphael","F","ThirdYear",5,1477.384153,2018
"AH866","Rives","Raphael","M","ThirdYear",1,455.674488891109,2022
"AH866","Rives","Raphael","M","ThirdYear",2,1001.84479996667,2021
"AH866","Rives","Raphael","M","ThirdYear",3,1272.83766701778,2020
"AH866","Rives","Raphael","M","ThirdYear",4,1467.41262188889,2019
"AH870","Rives","Raphael","M","ThirdYear",1,453.303488891109,2022
"AH870","Rives","Raphael","M","ThirdYear",2,1019.70213336667,2021
"AH870","Rives","Raphael","M","ThirdYear",3,1331.74833301778,2020
"AH870","Rives","Raphael","M","ThirdYear",4,1566.75228888889,2019
"AH884","Rives","Raphael","F","ThirdYear",1,476.634488891109,2022
"AH884","Rives","Raphael","F","ThirdYear",2,1046.11113336667,2021
"AH884","Rives","Raphael","F","ThirdYear",3,1344.73766701778,2020
"AH884","Rives","Raphael","F","ThirdYear",4,1571.43795588889,2019
"AH884","Rives","Raphael","F","ThirdYear",5,1765.69082,2018
"AH888","Rives","Raphael","F","ThirdYear",1,465.788822191109,2022
"AH888","Rives","Raphael","F","ThirdYear",2,1169.39546666667,2021
"AH888","Rives","Raphael","F","ThirdYear",3,1550.24200001778,2020
"AH890","Rives","Raphael","M","ThirdYear",1,417.766822191109,2022
"AH890","Rives","Raphael","M","ThirdYear",2,1004.17513336667,2021
"AH890","Rives","Raphael","M","ThirdYear",3,1383.37333301778,2020
"AH893","Rives","Raphael","M","ThirdYear",1,522.031822191109,2022
"AH893","Rives","Raphael","M","ThirdYear",2,1079.27579996667,2021
"AH893","Rives","Raphael","M","ThirdYear",3,1413.19433301778,2020
"FZ001","Rives","Valerie","M","FirstYear",1,322.2446667,2020
"FZ001","Rives","Valerie","M","FirstYear",2,631.5903333,2019
"FZ001","Rives","Valerie","M","FirstYear",3,852.383,2018
"FZ001","Rives","Valerie","M","FirstYear",4,1000.602667,2017
"FZ003","Rives","Raphael","F","FirstYear",1,394.740822224442,2020
"FZ003","Rives","Raphael","F","FirstYear",2,875.4758,2019
"FZ003","Rives","Raphael","F","FirstYear",3,1121.58866668444,2018
"FZ003","Rives","Raphael","F","FirstYear",4,1316.37562222222,2017
"FZ009","Rives","Raphael","F","FirstYear",1,261.941488891109,2020
"FZ009","Rives","Raphael","F","FirstYear",2,658.525133333334,2019
"FZ009","Rives","Raphael","F","FirstYear",3,881.389000017778,2018
"FZ009","Rives","Raphael","F","FirstYear",4,1032.97895555556,2017
"FZ011","Rives","Valerie","F","FirstYear",1,371.377,2020
"FZ011","Rives","Valerie","F","FirstYear",2,679.208,2019
"FZ011","Rives","Valerie","F","FirstYear",3,946.1123333,2018
"FZ011","Rives","Valerie","F","FirstYear",4,1152.94,2017
"FZ013","Rives","Raphael","F","FirstYear",1,419.205488891109,2020
"FZ013","Rives","Raphael","F","FirstYear",2,856.668466666667,2019
"FZ013","Rives","Raphael","F","FirstYear",3,1102.21766668444,2018
"FZ013","Rives","Raphael","F","FirstYear",4,1261.38195555556,2017
"FZ024","Rives","Raphael","F","FirstYear",1,357.495155557776,2020
"FZ024","Rives","Raphael","F","FirstYear",2,815.1318,2019
"FZ024","Rives","Raphael","F","FirstYear",3,1090.31900001778,2018
"FZ024","Rives","Raphael","F","FirstYear",4,1285.57128888889,2017
"FZ025","Rives","Raphael","M","FirstYear",1,335.390155557776,2020
"FZ025","Rives","Raphael","M","FirstYear",2,802.8958,2019
"FZ025","Rives","Raphael","M","FirstYear",3,1046.42666668444,2018
"FZ025","Rives","Raphael","M","FirstYear",4,1220.15495555556,2017
"FZ028","Rives","Valerie","M","FirstYear",1,325.8033333,2020
"FZ028","Rives","Valerie","M","FirstYear",2,617.842,2019
"FZ028","Rives","Valerie","M","FirstYear",3,824.3763333,2018
"FZ028","Rives","Valerie","M","FirstYear",4,1018.657667,2017
"FZ043","Rives","Raphael",NA,"FirstYear",1,390.769822224442,2020
"FZ043","Rives","Raphael",NA,"FirstYear",2,861.3138,2019
"FZ043","Rives","Raphael",NA,"FirstYear",3,1116.24666668444,2018
"FZ043","Rives","Raphael",NA,"FirstYear",4,1293.73628888889,2017
"FZ070","Rives","Valerie",NA,"FirstYear",1,329.9866667,2020
"FZ070","Rives","Valerie",NA,"FirstYear",2,688.4553333,2019
"FZ070","Rives","Valerie",NA,"FirstYear",3,917.017,2018
"FZ070","Rives","Valerie",NA,"FirstYear",4,1072.717333,2017
"FZ076","Rives","Valerie","F","FirstYear",1,377.2646667,2020
"FZ076","Rives","Valerie","F","FirstYear",2,707.7413333,2019
"FZ076","Rives","Valerie","F","FirstYear",3,922.0063333,2018
"FZ076","Rives","Valerie","F","FirstYear",4,1114.501333,2017
"FZ078","Rives","Raphael","M","FirstYear",1,368.122822224442,2020
"FZ078","Rives","Raphael","M","FirstYear",2,779.417466666667,2019
"FZ078","Rives","Raphael","M","FirstYear",3,1004.10000001778,2018
"FZ078","Rives","Raphael","M","FirstYear",4,1143.73662222222,2017
"FZ106","Rives","Valerie","F","FirstYear",1,306.344,2020
"FZ106","Rives","Valerie","F","FirstYear",2,657.8683333,2019
"FZ106","Rives","Valerie","F","FirstYear",3,1011.231333,2018
"FZ106","Rives","Valerie","F","FirstYear",4,1217.947333,2017
"FZ113","Rives","Valerie","F","FirstYear",1,336.3226667,2020
"FZ113","Rives","Valerie","F","FirstYear",2,614.378,2019
"FZ113","Rives","Valerie","F","FirstYear",3,945.791,2018
"FZ113","Rives","Valerie","F","FirstYear",4,1110.483333,2017
"FZ135","Rives","Valerie","F","FirstYear",1,457.2616667,2020
"FZ135","Rives","Valerie","F","FirstYear",2,934.44,2019
"FZ135","Rives","Valerie","F","FirstYear",3,1248.998667,2018
"FZ135","Rives","Valerie","F","FirstYear",4,1449.704333,2017
"FZ151","Rives","Raphael","M","FirstYear",1,302.474488891109,2020
"FZ151","Rives","Raphael","M","FirstYear",2,723.7278,2019
"FZ151","Rives","Raphael","M","FirstYear",3,955.161666684445,2018
"FZ151","Rives","Raphael","M","FirstYear",4,1135.26828888889,2017
"FZ152","Rives","Valerie","F","FirstYear",1,276.91,2020
"FZ152","Rives","Valerie","F","FirstYear",2,590.7066667,2019
"FZ152","Rives","Valerie","F","FirstYear",3,887.15,2018
"FZ152","Rives","Valerie","F","FirstYear",4,1075.947667,2017
"FZ161","Rives","Valerie","M","FirstYear",1,449.8493333,2020
"FZ161","Rives","Valerie","M","FirstYear",2,876.1646667,2019
"FZ161","Rives","Valerie","M","FirstYear",3,1157.962667,2018
"FZ161","Rives","Valerie","M","FirstYear",4,1346.876,2017
"FZ162","Rives","Valerie","F","FirstYear",1,375.2456667,2020
"FZ162","Rives","Valerie","F","FirstYear",2,778.929,2019
"FZ162","Rives","Valerie","F","FirstYear",3,1058.738667,2018
"FZ162","Rives","Valerie","F","FirstYear",4,1217.377333,2017
"FZ182","Rives","Valerie","M","FirstYear",1,367.8576667,2020
"FZ182","Rives","Valerie","M","FirstYear",2,709.7626667,2019
"FZ182","Rives","Valerie","M","FirstYear",3,983.9706667,2018
"FZ182","Rives","Valerie","M","FirstYear",4,1127.370667,2017
"FZ197","Rives","Valerie","F","FirstYear",1,298.9086667,2020
"FZ197","Rives","Valerie","F","FirstYear",2,586.3683333,2019
"FZ197","Rives","Valerie","F","FirstYear",3,873.3926667,2018
"FZ197","Rives","Valerie","F","FirstYear",4,1039.006,2017
"FZ202","Rives","Raphael","M","FirstYear",1,366.447155557776,2020
"FZ202","Rives","Raphael","M","FirstYear",2,849.0728,2019
"FZ202","Rives","Raphael","M","FirstYear",3,1106.77500001778,2018
"FZ202","Rives","Raphael","M","FirstYear",4,1290.69395555556,2017
"FZ203","Rives","Raphael","M","FirstYear",1,357.516488891109,2020
"FZ203","Rives","Raphael","M","FirstYear",2,832.9418,2019
"FZ203","Rives","Raphael","M","FirstYear",3,1140.07500001778,2018
"FZ203","Rives","Raphael","M","FirstYear",4,1355.00462222222,2017
"FZ205","Rives","Valerie","M","FirstYear",1,363.6083333,2020
"FZ205","Rives","Valerie","M","FirstYear",2,739.8006667,2019
"FZ205","Rives","Valerie","M","FirstYear",3,1014.673333,2018
"FZ205","Rives","Valerie","M","FirstYear",4,1174.412333,2017
"FZ207","Rives","Raphael","M","FirstYear",1,355.191488891109,2020
"FZ207","Rives","Raphael","M","FirstYear",2,859.6928,2019
"FZ207","Rives","Raphael","M","FirstYear",3,1144.76200001778,2018
"FZ207","Rives","Raphael","M","FirstYear",4,1333.83595555556,2017
"FZ247","Rives","Valerie","M","FirstYear",1,462.5166667,2020
"FZ247","Rives","Valerie","M","FirstYear",2,796.2703333,2019
"FZ247","Rives","Valerie","M","FirstYear",3,1063.514,2018
"FZ247","Rives","Valerie","M","FirstYear",4,1183.774,2017
"FZ249","Rives","Valerie","F","FirstYear",1,374.7423333,2020
"FZ249","Rives","Valerie","F","FirstYear",2,699.1736667,2019
"FZ249","Rives","Valerie","F","FirstYear",3,951.23,2018
"FZ249","Rives","Valerie","F","FirstYear",4,1131.95,2017
"FZ251","Rives","Valerie","F","FirstYear",1,443.6663333,2020
"FZ251","Rives","Valerie","F","FirstYear",2,771.622,2019
"FZ251","Rives","Valerie","F","FirstYear",3,1096.758,2018
"FZ251","Rives","Valerie","F","FirstYear",4,1304.321667,2017
"FZ274","Rives","Valerie","F","FirstYear",1,279.909,2020
"FZ274","Rives","Valerie","F","FirstYear",2,592.3553333,2019
"FZ274","Rives","Valerie","F","FirstYear",3,889.7003333,2018
"FZ274","Rives","Valerie","F","FirstYear",4,1123.871,2017
"FZ280","Rives","Raphael","F","SecondYear",1,220.071155591109,2021
"FZ280","Rives","Raphael","F","SecondYear",2,584.620466666667,2020
"FZ280","Rives","Raphael","F","SecondYear",3,768.680000017778,2019
"FZ280","Rives","Raphael","F","SecondYear",4,897.430622188889,2018
"FZ280","Rives","Raphael","F","SecondYear",5,1013.6118197,2017
"FZ288","Rives","Valerie","F","SecondYear",1,390.36,2021
"FZ288","Rives","Valerie","F","SecondYear",2,747.14,2020
"FZ288","Rives","Valerie","F","SecondYear",3,976.41,2019
"FZ289","Rives","Raphael","M","SecondYear",1,208.022488891109,2021
"FZ289","Rives","Raphael","M","SecondYear",2,590.365466666667,2020
"FZ289","Rives","Raphael","M","SecondYear",3,766.268333317778,2019
"FZ289","Rives","Raphael","M","SecondYear",4,893.536622188889,2018
"FZ289","Rives","Raphael","M","SecondYear",5,998.6544863,2017
"FZ294","Rives","Valerie","F","FirstYear",1,397.135,2020
"FZ294","Rives","Valerie","F","FirstYear",2,751.7023333,2019
"FZ294","Rives","Valerie","F","FirstYear",3,1075.624,2018
"FZ294","Rives","Valerie","F","FirstYear",4,1197.141667,2017
"FZ302","Rives","Valerie","F","FirstYear",1,371.211,2020
"FZ302","Rives","Valerie","F","FirstYear",2,709.058,2019
"FZ302","Rives","Valerie","F","FirstYear",3,999.3353333,2018
"FZ302","Rives","Valerie","F","FirstYear",4,1182.725667,2017
"FZ303","Rives","Valerie","F","FirstYear",1,440.4363333,2020
"FZ303","Rives","Valerie","F","FirstYear",2,871.2346667,2019
"FZ303","Rives","Valerie","F","FirstYear",3,1202.345,2018
"FZ303","Rives","Valerie","F","FirstYear",4,1454.335333,2017
"FZ305","Rives","Valerie","F","FirstYear",1,429.165,2020
"FZ305","Rives","Valerie","F","FirstYear",2,890.2466667,2019
"FZ305","Rives","Valerie","F","FirstYear",3,1232.279333,2018
"FZ305","Rives","Valerie","F","FirstYear",4,1405.919667,2017
"FZ328","Rives","Valerie","F","FirstYear",1,343.5113333,2020
"FZ328","Rives","Valerie","F","FirstYear",2,704.8013333,2019
"FZ328","Rives","Valerie","F","FirstYear",3,1013.33,2018
"FZ328","Rives","Valerie","F","FirstYear",4,1219.999,2017
"FZ343","Rives","Raphael","M","FirstYear",1,391.664822224442,2020
"FZ343","Rives","Raphael","M","FirstYear",2,824.8448,2019
"FZ343","Rives","Raphael","M","FirstYear",3,1047.80733335111,2018
"FZ343","Rives","Raphael","M","FirstYear",4,1189.16228888889,2017
"FZ346","Rives","Raphael","F","SecondYear",1,371.865488891109,2021
"FZ346","Rives","Raphael","F","SecondYear",2,807.215133366667,2020
"FZ346","Rives","Raphael","F","SecondYear",3,1045.33866671778,2019
"FZ346","Rives","Raphael","F","SecondYear",4,1204.45595588889,2018
"FZ346","Rives","Raphael","F","SecondYear",5,1354.546486,2017
"FZ347","Rives","Raphael","F","SecondYear",1,310.467822191109,2021
"FZ347","Rives","Raphael","F","SecondYear",2,712.977799966667,2020
"FZ347","Rives","Raphael","F","SecondYear",3,917.364333317778,2019
"FZ347","Rives","Raphael","F","SecondYear",4,1067.85095558889,2018
"FZ347","Rives","Raphael","F","SecondYear",5,1235.502486,2017
"FZ349","Rives","Raphael","F","SecondYear",1,292.825488891109,2021
"FZ349","Rives","Raphael","F","SecondYear",2,744.607466666667,2020
"FZ349","Rives","Raphael","F","SecondYear",3,962.159333317778,2019
"FZ349","Rives","Raphael","F","SecondYear",4,1118.43328888889,2018
"FZ349","Rives","Raphael","F","SecondYear",5,1240.027153,2017
"FZ353","Rives","Raphael","F","FirstYear",1,364.486488891109,2020
"FZ353","Rives","Raphael","F","FirstYear",2,800.6638,2019
"FZ353","Rives","Raphael","F","FirstYear",3,1069.32166668444,2018
"FZ353","Rives","Raphael","F","FirstYear",4,1230.71128888889,2017
"FZ356","Rives","Raphael",NA,"FirstYear",1,370.504155557776,2020
"FZ356","Rives","Raphael",NA,"FirstYear",2,830.698133333334,2019
"FZ356","Rives","Raphael",NA,"FirstYear",3,1087.42033335111,2018
"FZ356","Rives","Raphael",NA,"FirstYear",4,1268.71328888889,2017
"FZ358","Rives","Valerie","M","FirstYear",1,400.4873333,2020
"FZ358","Rives","Valerie","M","FirstYear",2,760.0083333,2019
"FZ358","Rives","Valerie","M","FirstYear",3,1048.542667,2018
"FZ358","Rives","Valerie","M","FirstYear",4,1188.514,2017
"FZ359","Rives","Valerie","F","FirstYear",1,349.045,2020
"FZ359","Rives","Valerie","F","FirstYear",2,658.3163333,2019
"FZ359","Rives","Valerie","F","FirstYear",3,920.8856667,2018
"FZ359","Rives","Valerie","F","FirstYear",4,1067.903333,2017
"FZ365","Rives","Valerie","F","FirstYear",1,403.171,2020
"FZ365","Rives","Valerie","F","FirstYear",2,717.7063333,2019
"FZ365","Rives","Valerie","F","FirstYear",3,1017.353667,2018
"FZ365","Rives","Valerie","F","FirstYear",4,1204.340333,2017
"FZ411","Rives","Valerie","M","FirstYear",1,391.0603333,2020
"FZ411","Rives","Valerie","M","FirstYear",2,654.2436667,2019
"FZ411","Rives","Valerie","M","FirstYear",3,854.37,2018
"FZ411","Rives","Valerie","M","FirstYear",4,1019.228,2017
"FZ414","Rives","Valerie","F","FirstYear",1,469.497,2020
"FZ414","Rives","Valerie","F","FirstYear",2,733.7973333,2019
"FZ414","Rives","Valerie","F","FirstYear",3,920.6253333,2018
"FZ414","Rives","Valerie","F","FirstYear",4,1060.212667,2017
"FZ420","Rives","Valerie","M","SecondYear",1,359.285,2021
"FZ420","Rives","Valerie","M","SecondYear",2,632.3696667,2020
"FZ420","Rives","Valerie","M","SecondYear",3,854.357,2019
"FZ420","Rives","Valerie","M","SecondYear",4,1017.270333,2018
"FZ423","Rives","Raphael","F","FirstYear",1,320.071155557776,2020
"FZ423","Rives","Raphael","F","FirstYear",2,787.251466666667,2019
"FZ423","Rives","Raphael","F","FirstYear",3,1086.15500001778,2018
"FZ423","Rives","Raphael","F","FirstYear",4,1295.53862222222,2017
"FZ425","Rives","Valerie",NA,"FirstYear",1,315.0293333,2020
"FZ425","Rives","Valerie",NA,"FirstYear",2,609.255,2019
"FZ425","Rives","Valerie",NA,"FirstYear",3,861.4026667,2018
"FZ425","Rives","Valerie",NA,"FirstYear",4,1027.505,2017
"FZ426","Rives","Valerie","F","FirstYear",1,335.3393333,2020
"FZ426","Rives","Valerie","F","FirstYear",2,598.36,2019
"FZ426","Rives","Valerie","F","FirstYear",3,803.0746667,2018
"FZ426","Rives","Valerie","F","FirstYear",4,964.0263333,2017
"FZ461","Rives","Valerie","F","FirstYear",1,378.3446667,2020
"FZ461","Rives","Valerie","F","FirstYear",2,704.9463333,2019
"FZ461","Rives","Valerie","F","FirstYear",3,976.8656667,2018
"FZ461","Rives","Valerie","F","FirstYear",4,1176.061667,2017
"FZ468","Rives","Valerie","M","SecondYear",1,329.2906667,2021
"FZ468","Rives","Valerie","M","SecondYear",2,576.3163333,2020
"FZ468","Rives","Valerie","M","SecondYear",3,766.2306667,2019
"FZ468","Rives","Valerie","M","SecondYear",4,932.4403333,2018
"FZ470","Rives","Valerie","F","SecondYear",1,270.3553333,2021
"FZ470","Rives","Valerie","F","SecondYear",2,510.2296667,2020
"FZ470","Rives","Valerie","F","SecondYear",3,710.0303333,2019
"FZ470","Rives","Valerie","F","SecondYear",4,845.481,2018
"FZ494","Rives","Raphael","M","FirstYear",1,323.659155557776,2020
"FZ494","Rives","Raphael","M","FirstYear",2,733.992133333334,2019
"FZ494","Rives","Raphael","M","FirstYear",3,927.755333351111,2018
"FZ494","Rives","Raphael","M","FirstYear",4,1039.27628888889,2017
"FZ499","Rives","Valerie","F","FirstYear",1,404.921,2020
"FZ499","Rives","Valerie","F","FirstYear",2,744.549,2019
"FZ499","Rives","Valerie","F","FirstYear",3,996.7286667,2018
"FZ499","Rives","Valerie","F","FirstYear",4,1195.972667,2017
"FZ503","Rives","Raphael","M","FirstYear",1,389.501822224442,2020
"FZ503","Rives","Raphael","M","FirstYear",2,854.344133333334,2019
"FZ503","Rives","Raphael","M","FirstYear",3,1094.11466668444,2018
"FZ503","Rives","Raphael","M","FirstYear",4,1242.23395555556,2017
"FZ504","Rives","Raphael","M","FirstYear",1,339.374822224442,2020
"FZ504","Rives","Raphael","M","FirstYear",2,782.0728,2019
"FZ504","Rives","Raphael","M","FirstYear",3,1030.23666668444,2018
"FZ504","Rives","Raphael","M","FirstYear",4,1174.72628888889,2017
"FZ505","Rives","Valerie","M","FirstYear",1,316.4846667,2020
"FZ505","Rives","Valerie","M","FirstYear",2,609.0726667,2019
"FZ505","Rives","Valerie","M","FirstYear",3,854.1176667,2018
"FZ505","Rives","Valerie","M","FirstYear",4,1024.086,2017
"FZ507","Rives","Valerie","F","FirstYear",1,317.0803333,2020
"FZ507","Rives","Valerie","F","FirstYear",2,670.3823333,2019
"FZ507","Rives","Valerie","F","FirstYear",3,969.6233333,2018
"FZ507","Rives","Valerie","F","FirstYear",4,1144.481,2017
"FZ510","Rives","Valerie","F","FirstYear",1,310.575,2020
"FZ510","Rives","Valerie","F","FirstYear",2,637.687,2019
"FZ510","Rives","Valerie","F","FirstYear",3,893.356,2018
"FZ510","Rives","Valerie","F","FirstYear",4,1071.829,2017
"FZ527","Rives","Raphael","M","FirstYear",1,328.776155557776,2020
"FZ527","Rives","Raphael","M","FirstYear",2,714.5608,2019
"FZ527","Rives","Raphael","M","FirstYear",3,931.898666684445,2018
"FZ527","Rives","Raphael","M","FirstYear",4,1048.12428888889,2017
"FZ535","Rives","Raphael","F","SecondYear",1,347.669988891109,2021
"FZ535","Rives","Raphael","F","SecondYear",2,772.023466666667,2020
"FZ535","Rives","Raphael","F","SecondYear",3,1022.28250001778,2019
"FZ535","Rives","Raphael","F","SecondYear",4,1161.13978888889,2018
"FZ535","Rives","Raphael","F","SecondYear",5,1293.363153,2017
"FZ545","Rives","Raphael","M","FirstYear",1,328.700488891109,2020
"FZ545","Rives","Raphael","M","FirstYear",2,761.045466666667,2019
"FZ545","Rives","Raphael","M","FirstYear",3,986.767333351111,2018
"FZ545","Rives","Raphael","M","FirstYear",4,1113.39762222222,2017
"FZ550","Rives","Valerie","F","SecondYear",1,419.053,2021
"FZ550","Rives","Valerie","F","SecondYear",2,711.9883333,2020
"FZ550","Rives","Valerie","F","SecondYear",3,962.5056667,2019
"FZ555","Rives","Valerie","M","SecondYear",1,310.8213333,2021
"FZ555","Rives","Valerie","M","SecondYear",2,534.3283333,2020
"FZ555","Rives","Valerie","M","SecondYear",3,702.2866667,2019
"FZ555","Rives","Valerie","M","SecondYear",4,837.264,2018
"FZ558","Rives","Raphael","F","SecondYear",1,322.011155591109,2021
"FZ558","Rives","Raphael","F","SecondYear",2,771.379466666667,2020
"FZ558","Rives","Raphael","F","SecondYear",3,1013.33366671778,2019
"FZ583","Rives","Valerie","F","SecondYear",1,384.0413333,2021
"FZ583","Rives","Valerie","F","SecondYear",2,716.7093333,2020
"FZ583","Rives","Valerie","F","SecondYear",3,1001.964667,2019
"FZ621","Rives","Valerie","F","SecondYear",1,289.3056667,2021
"FZ621","Rives","Valerie","F","SecondYear",2,542.5383333,2020
"FZ621","Rives","Valerie","F","SecondYear",3,767.7606667,2019
"FZ621","Rives","Valerie","F","SecondYear",4,956.0426667,2018
"FZ639","Rives","Valerie","F","SecondYear",1,332.4083333,2021
"FZ639","Rives","Valerie","F","SecondYear",2,638.221,2020
"FZ639","Rives","Valerie","F","SecondYear",3,909.333,2019
"FZ639","Rives","Valerie","F","SecondYear",4,1101.778,2018
"FZ639","Rives","Valerie","F","SecondYear",5,1272.254667,2017
"FZ642","Rives","Raphael","M","SecondYear",1,294.137488891109,2021
"FZ642","Rives","Raphael","M","SecondYear",2,784.626133366667,2020
"FZ642","Rives","Raphael","M","SecondYear",3,1020.31633331778,2019
"FZ646","Rives","Valerie","F","SecondYear",1,386.8246667,2021
"FZ646","Rives","Valerie","F","SecondYear",2,688.9556667,2020
"FZ646","Rives","Valerie","F","SecondYear",3,934.492,2019
"FZ681","Rives","Raphael","F","ThirdYear",1,513.806155591109,2022
"FZ681","Rives","Raphael","F","ThirdYear",2,991.749799966667,2021
"FZ681","Rives","Raphael","F","ThirdYear",3,1261.38200001778,2020
"FZ681","Rives","Raphael","F","ThirdYear",4,1490.23762188889,2019
"FZ681","Rives","Raphael","F","ThirdYear",5,1664.622153,2018
"FZ681","Rives","Raphael","F","ThirdYear",6,NA,2017
"FZ682","Rives","Raphael","F","ThirdYear",1,366.291488891109,2022
"FZ682","Rives","Raphael","F","ThirdYear",2,860.148799966667,2021
"FZ682","Rives","Raphael","F","ThirdYear",3,1150.15466671778,2020
"FZ682","Rives","Raphael","F","ThirdYear",4,1348.15062188889,2019
"FZ682","Rives","Raphael","F","ThirdYear",5,1547.846486,2018
"FZ683","Rives","Raphael","F","ThirdYear",1,483.785488891109,2022
"FZ683","Rives","Raphael","F","ThirdYear",2,1097.57346666667,2021
"FZ683","Rives","Raphael","F","ThirdYear",3,1443.68933301778,2020
"FZ683","Rives","Raphael","F","ThirdYear",4,1662.73162188889,2019
"FZ684","Rives","Raphael","F","ThirdYear",1,544.651488891109,2022
"FZ684","Rives","Raphael","F","ThirdYear",2,1142.40346666667,2021
"FZ684","Rives","Raphael","F","ThirdYear",3,1473.30000001778,2020
"FZ684","Rives","Raphael","F","ThirdYear",4,1738.71228888889,2019
"FZ705","Rives","Raphael","F","SecondYear",1,240.926822191109,2021
"FZ705","Rives","Raphael","F","SecondYear",2,700.840466666667,2020
"FZ705","Rives","Raphael","F","SecondYear",3,933.383333317778,2019
"FZ715","Rives","Raphael","M","SecondYear",1,331.693822191109,2021
"FZ715","Rives","Raphael","M","SecondYear",2,800.430466666667,2020
"FZ715","Rives","Raphael","M","SecondYear",3,1050.28300001778,2019
"FZ728","Rives","Valerie","F","SecondYear",1,292.3576667,2021
"FZ728","Rives","Valerie","F","SecondYear",2,578.232,2020
"FZ728","Rives","Valerie","F","SecondYear",3,784.7703333,2019
"FZ728","Rives","Valerie","F","SecondYear",4,943.157,2018
"FZ734","Rives","Valerie","F","SecondYear",1,321.6513333,2021
"FZ734","Rives","Valerie","F","SecondYear",2,622.1256667,2020
"FZ734","Rives","Valerie","F","SecondYear",3,847.23,2019
"FZ735","Rives","Valerie","F","SecondYear",1,292.9666667,2021
"FZ735","Rives","Valerie","F","SecondYear",2,574.171,2020
"FZ735","Rives","Valerie","F","SecondYear",3,800.6763333,2019
"FZ735","Rives","Valerie","F","SecondYear",4,972.1843333,2018
"FZ738","Rives","Raphael","F","SecondYear",1,379.333822191109,2021
"FZ738","Rives","Raphael","F","SecondYear",2,912.672133366667,2020
"FZ738","Rives","Raphael","F","SecondYear",3,1178.41566701778,2019
"FZ744","Rives","Raphael",NA,"SecondYear",1,286.777822191109,2021
"FZ744","Rives","Raphael",NA,"SecondYear",2,678.170799966667,2020
"FZ744","Rives","Raphael",NA,"SecondYear",3,877.269333317778,2019
"FZ744","Rives","Raphael",NA,"SecondYear",4,1017.96395558889,2018
"FZ744","Rives","Raphael",NA,"SecondYear",5,1130.6904863,2017
"FZ751","Rives","Raphael","F","SecondYear",1,297.861488891109,2021
"FZ751","Rives","Raphael","F","SecondYear",2,707.004133366667,2020
"FZ751","Rives","Raphael","F","SecondYear",3,914.052333317778,2019
"FZ751","Rives","Raphael","F","SecondYear",4,1057.95228888889,2018
"FZ751","Rives","Raphael","F","SecondYear",5,1198.443486,2017
"FZ753","Rives","Raphael","F","SecondYear",1,286.241488891109,2021
"FZ753","Rives","Raphael","F","SecondYear",2,710.643466666667,2020
"FZ753","Rives","Raphael","F","SecondYear",3,932.918333317778,2019
"FZ753","Rives","Raphael","F","SecondYear",4,1087.37362218889,2018
"FZ753","Rives","Raphael","F","SecondYear",5,1224.13482,2017
"FZ776","Rives","Valerie","M","SecondYear",1,351.7563333,2021
"FZ776","Rives","Valerie","M","SecondYear",2,676.9206667,2020
"FZ776","Rives","Valerie","M","SecondYear",3,949.5056667,2019
"FZ778","Rives","Valerie","M","SecondYear",1,356.7073333,2021
"FZ778","Rives","Valerie","M","SecondYear",2,667.899,2020
"FZ778","Rives","Valerie","M","SecondYear",3,900.5386667,2019
"FZ778","Rives","Valerie","M","SecondYear",4,1051.178667,2018
"FZ779","Rives","Valerie","M","SecondYear",1,289.3503333,2021
"FZ779","Rives","Valerie","M","SecondYear",2,549.9113333,2020
"FZ779","Rives","Valerie","M","SecondYear",3,749.8223333,2019
"FZ779","Rives","Valerie","M","SecondYear",4,898.6126667,2018
"FZ782","Rives","Valerie","F","SecondYear",1,264.2926667,2021
"FZ782","Rives","Valerie","F","SecondYear",2,508.1356667,2020
"FZ782","Rives","Valerie","F","SecondYear",3,764.2713333,2019
"FZ782","Rives","Valerie","F","SecondYear",4,899.0286667,2018
"FZ786","Rives","Valerie","F","SecondYear",1,339.2066667,2021
"FZ786","Rives","Valerie","F","SecondYear",2,663.4853333,2020
"FZ786","Rives","Valerie","F","SecondYear",3,893.5846667,2019
"FZ795","Rives","Raphael","F","SecondYear",1,408.450488891109,2021
"FZ795","Rives","Raphael","F","SecondYear",2,956.233466666667,2020
"FZ795","Rives","Raphael","F","SecondYear",3,1338.82766701778,2019
"FZ797","Rives","Valerie","M","SecondYear",1,376.1836667,2021
"FZ797","Rives","Valerie","M","SecondYear",2,749.2416667,2020
"FZ797","Rives","Valerie","M","SecondYear",3,918.364,2019
"FZ831","Rives","Raphael","F","SecondYear",1,279.657488891109,2021
"FZ831","Rives","Raphael","F","SecondYear",2,725.656466666667,2020
"FZ831","Rives","Raphael","F","SecondYear",3,951.399000017778,2019
"FZ831","Rives","Raphael","F","SecondYear",4,1124.57028888889,2018
"FZ831","Rives","Raphael","F","SecondYear",5,1340.241486,2017
"FZ841","Rives","Valerie","M","SecondYear",1,409.3506667,2021
"FZ841","Rives","Valerie","M","SecondYear",2,826.6936667,2020
"FZ841","Rives","Valerie","M","SecondYear",3,1136.962667,2019
"FZ843","Rives","Valerie","F","SecondYear",1,345.6766667,2021
"FZ843","Rives","Valerie","F","SecondYear",2,683.4436667,2020
"FZ843","Rives","Valerie","F","SecondYear",3,925.9166667,2019
"FZ855","Rives","Valerie","M","SecondYear",1,274.0813333,2021
"FZ855","Rives","Valerie","M","SecondYear",2,537.9263333,2020
"FZ855","Rives","Valerie","M","SecondYear",3,758.9836667,2019
"FZ855","Rives","Valerie","M","SecondYear",4,925.982,2018
"FZ858","Rives","Raphael","F","SecondYear",1,339.924822191109,2021
"FZ858","Rives","Raphael","F","SecondYear",2,833.320799966667,2020
"FZ858","Rives","Raphael","F","SecondYear",3,1077.73600001778,2019
"FZ876","Rives","Raphael",NA,"SecondYear",1,309.069155591109,2021
"FZ876","Rives","Raphael",NA,"SecondYear",2,791.879466666667,2020
"FZ876","Rives","Raphael",NA,"SecondYear",3,1078.65400001778,2019
"FZ879","Rives","Raphael","F","SecondYear",1,202.990155591109,2021
"FZ879","Rives","Raphael","F","SecondYear",2,572.531466666667,2020
"FZ879","Rives","Raphael","F","SecondYear",3,756.242666717778,2019
"FZ879","Rives","Raphael","F","SecondYear",4,964.268622188889,2018
"FZ879","Rives","Raphael","F","SecondYear",5,1097.443153,2017
"FZ880","Rives","Valerie","F","SecondYear",1,313.6823333,2021
"FZ880","Rives","Valerie","F","SecondYear",2,564.2896667,2020
"FZ880","Rives","Valerie","F","SecondYear",3,810.4923333,2019
"FZ880","Rives","Valerie","F","SecondYear",4,1052.575,2018
"FZ885","Rives","Valerie","F","SecondYear",1,352.8776667,2021
"FZ885","Rives","Valerie","F","SecondYear",2,643.5873333,2020
"FZ885","Rives","Valerie","F","SecondYear",3,898.9316667,2019
"FZ886","Rives","Valerie","M","SecondYear",1,280.103,2021
"FZ886","Rives","Valerie","M","SecondYear",2,553.6106667,2020
"FZ886","Rives","Valerie","M","SecondYear",3,761.964,2019
"FZ887","Rives","Valerie","F","SecondYear",1,385.448,2021
"FZ887","Rives","Valerie","F","SecondYear",2,761.2863333,2020
"FZ887","Rives","Valerie","F","SecondYear",3,1065.403,2019
"FZ889","Rives","Valerie","F","SecondYear",1,318.0366667,2021
"FZ889","Rives","Valerie","F","SecondYear",2,585.496,2020
"FZ889","Rives","Valerie","F","SecondYear",3,808.7883333,2019
"FZ889","Rives","Valerie","F","SecondYear",4,982.3446667,2018
"FZ892","Rives","Valerie","F","SecondYear",1,331.7693333,2021
"FZ892","Rives","Valerie","F","SecondYear",2,651.908,2020
"FZ892","Rives","Valerie","F","SecondYear",3,909.2203333,2019
"FZ892","Rives","Valerie","F","SecondYear",4,1082.528,2018
"FZ895","Rives","Valerie","M","SecondYear",1,318.6983333,2021
"FZ895","Rives","Valerie","M","SecondYear",2,618.955,2020
"FZ895","Rives","Valerie","M","SecondYear",3,887.9293333,2019
"FZ895","Rives","Valerie","M","SecondYear",4,1064.107333,2018
"FZ898","Rives","Valerie","F","SecondYear",1,287.5953333,2021
"FZ898","Rives","Valerie","F","SecondYear",2,525.6446667,2020
"FZ898","Rives","Valerie","F","SecondYear",3,686.3563333,2019
"FZ898","Rives","Valerie","F","SecondYear",4,821.0533333,2018
"FZ898","Rives","Valerie","F","SecondYear",5,946.5426667,2017
"FZ905","Rives","Raphael","M","ThirdYear",1,428.891822191109,2022
"FZ905","Rives","Raphael","M","ThirdYear",2,924.650133366667,2021
"FZ905","Rives","Raphael","M","ThirdYear",3,1157.26500001778,2020
"FZ905","Rives","Raphael","M","ThirdYear",4,1373.12862188889,2019
"FZ906","Rives","Raphael","F","ThirdYear",1,427.586488891109,2022
"FZ906","Rives","Raphael","F","ThirdYear",2,959.710799966667,2021
"FZ906","Rives","Raphael","F","ThirdYear",3,1237.65633301778,2020
"FZ906","Rives","Raphael","F","ThirdYear",4,1422.61962188889,2019
"FZ923","Rives","Raphael","M","ThirdYear",1,418.342488891109,2022
"FZ923","Rives","Raphael","M","ThirdYear",2,1035.37379996667,2021
"FZ923","Rives","Raphael","M","ThirdYear",3,1358.69100001778,2020
"FZ926","Rives","Raphael","F","ThirdYear",1,536.450822191109,2022
"FZ926","Rives","Raphael","F","ThirdYear",2,1075.48813336667,2021
"FZ926","Rives","Raphael","F","ThirdYear",3,1385.00466701778,2020
"FZ926","Rives","Raphael","F","ThirdYear",4,1595.64095588889,2019
"FZ934","Rives","Valerie","F","SecondYear",1,275.901,2021
"FZ934","Rives","Valerie","F","SecondYear",2,529.2416667,2020
"FZ934","Rives","Valerie","F","SecondYear",3,734.235,2019
"FZ934","Rives","Valerie","F","SecondYear",4,907.558,2018
"FZ935","Rives","Valerie","F","SecondYear",1,326.556,2021
"FZ935","Rives","Valerie","F","SecondYear",2,597.4683333,2020
"FZ935","Rives","Valerie","F","SecondYear",3,852.454,2019
"FZ940","Rives","Raphael","F","SecondYear",1,303.562155591109,2021
"FZ940","Rives","Raphael","F","SecondYear",2,730.715799966667,2020
"FZ940","Rives","Raphael","F","SecondYear",3,938.939000017778,2019
"FZ940","Rives","Raphael","F","SecondYear",4,1077.50095558889,2018
"FZ940","Rives","Raphael","F","SecondYear",5,1191.4174863,2017
